x1,y1,x2,y2,x3,y3,x4,y4,x5,y5,class
392,59,185,127,239,180,212,315,273,300,0
392,59,185,126,239,180,212,314,273,299,0
397,56,184,126,239,179,209,316,273,302,0
399,53,185,126,239,179,207,317,272,303,0
401,52,183,125,239,179,207,317,272,304,0
402,52,183,125,239,178,205,316,273,304,0
402,50,185,125,241,177,204,315,275,303,0
403,50,185,125,241,178,204,315,274,304,0
404,50,184,126,242,178,203,315,275,304,0
405,50,185,126,242,178,204,314,275,303,0
406,50,185,128,244,178,204,314,276,303,0
406,50,186,128,245,178,204,313,276,302,0
406,49,187,127,245,177,204,312,277,301,0
406,49,186,127,245,177,205,311,277,300,0
406,49,185,128,246,176,205,311,277,299,0
407,47,185,128,248,176,207,310,279,298,0
406,48,184,127,248,175,210,309,281,296,0
400,53,185,126,249,176,220,306,280,291,0
394,55,186,126,252,177,226,303,281,287,0
390,62,187,125,253,177,236,305,288,288,0
392,68,184,124,250,176,239,308,295,291,0
396,76,182,125,249,177,241,310,297,295,0
398,80,181,124,249,176,241,307,297,293,0
400,84,181,124,251,177,247,306,299,292,0
397,84,181,124,250,187,254,303,299,292,0
398,83,183,125,253,188,253,303,297,291,0
400,83,185,126,253,189,253,304,296,292,0
399,84,184,125,253,190,254,306,295,294,0
400,83,186,126,255,191,253,306,295,294,0
400,85,187,126,256,192,254,307,295,295,0
401,84,188,124,257,192,255,307,296,295,0
403,84,190,124,259,192,255,307,297,295,0
403,84,191,123,259,192,255,307,297,295,0
404,84,193,123,261,192,255,307,298,296,0
404,84,193,122,261,192,256,307,298,296,0
404,83,196,123,264,191,256,305,300,295,0
398,85,200,120,264,189,257,303,302,293,0
398,85,200,120,265,189,257,303,302,294,0
385,87,204,131,286,180,255,299,313,291,0
386,63,209,132,288,181,251,299,310,293,0
383,57,212,133,291,181,252,300,311,294,0
384,53,215,133,295,182,253,301,312,294,0
386,52,217,134,297,182,255,300,312,293,0
388,50,218,134,298,182,254,300,313,293,0
389,49,219,132,296,181,252,300,312,292,0
390,49,220,132,296,182,253,301,312,292,0
390,49,220,132,297,182,253,300,312,292,0
392,48,221,133,296,181,252,301,313,293,0
391,49,221,133,296,182,253,303,313,294,0
392,48,222,133,297,182,253,302,314,293,0
391,49,222,134,298,183,257,304,316,293,0
392,49,223,134,299,184,259,305,317,293,0
391,50,223,135,299,184,262,306,320,294,0
391,51,224,134,302,184,264,305,320,293,0
391,51,224,136,303,184,267,306,324,294,0
388,55,223,138,301,185,270,312,331,299,0
388,56,223,139,301,184,272,312,334,299,0
390,57,223,140,302,184,275,311,338,297,0
403,54,216,132,292,182,273,318,339,302,0
412,55,214,132,291,182,272,322,338,305,0
418,52,213,131,288,182,271,326,338,308,0
425,51,212,129,287,182,269,327,337,311,0
432,53,211,131,288,184,272,330,337,314,0
432,54,211,130,288,184,273,330,337,314,0
437,56,211,130,288,184,274,329,335,314,0
441,59,211,131,289,184,274,328,335,314,0
444,59,206,127,288,188,279,317,338,307,0
447,59,207,127,290,188,280,317,338,308,0
447,60,207,127,290,188,280,317,338,308,0
450,60,207,127,290,189,279,318,337,308,0
452,62,207,126,291,189,280,318,337,307,0
453,64,207,124,290,189,281,318,337,306,0
455,64,207,124,291,188,280,317,337,305,0
456,64,209,123,292,188,281,317,337,305,0
457,63,209,122,294,188,281,316,338,304,0
457,63,211,122,294,188,281,316,338,304,0
457,63,213,121,295,188,281,315,337,303,0
457,63,214,120,296,188,281,314,337,303,0
460,59,216,131,299,178,281,311,339,307,0
460,59,217,130,300,179,283,311,339,306,0
460,59,219,130,301,179,284,311,339,306,0
461,58,220,129,302,179,283,310,339,305,0
461,59,222,129,302,179,285,310,338,304,0
457,61,222,127,300,178,284,310,339,305,0
239,65,454,142,377,197,349,308,391,309,0
239,65,456,141,377,198,349,309,391,309,0
240,66,459,139,379,196,349,310,393,308,0
241,66,460,139,380,196,349,310,393,308,0
242,66,461,139,380,196,350,310,394,307,0
242,66,463,138,382,196,350,310,395,307,0
243,67,465,137,382,195,350,310,396,307,0
248,67,463,136,380,194,349,308,395,306,0
252,68,464,135,380,191,350,304,396,302,0
253,68,465,133,380,190,350,301,394,300,0
250,67,466,131,382,189,351,301,396,301,0
246,66,466,131,384,189,353,301,396,301,0
244,68,467,129,386,189,354,300,397,300,0
243,67,468,127,386,188,354,299,396,299,0
242,66,469,125,385,188,353,299,395,299,0
241,66,469,123,385,187,353,299,394,299,0
240,65,469,123,384,188,352,300,394,300,0
240,65,470,123,383,187,351,301,394,300,0
244,63,469,124,381,187,351,299,394,299,0
244,63,469,124,382,187,351,299,394,299,0
250,61,468,124,380,185,349,295,393,297,0
252,59,466,126,375,184,339,297,391,299,0
250,59,464,130,372,186,335,302,391,304,0
243,61,464,130,372,188,333,304,390,305,0
238,63,464,128,372,187,332,304,390,304,0
233,66,463,128,372,188,331,306,390,304,0
233,83,462,130,368,190,334,300,391,300,0
235,83,457,126,375,192,339,305,389,304,0
228,85,459,132,367,192,334,306,391,303,0
227,81,459,132,368,193,335,309,389,305,0
225,79,459,132,367,193,335,310,388,305,0
223,76,458,132,366,193,334,311,389,306,0
222,74,457,132,366,192,333,312,389,306,0
225,71,454,131,364,190,334,310,387,304,0
232,72,450,131,362,188,333,305,388,301,0
235,70,447,134,362,189,332,306,387,301,0
238,69,446,134,361,190,332,306,387,302,0
239,69,445,135,360,190,332,307,388,302,0
238,69,444,135,360,189,333,307,388,302,0
238,70,444,134,360,188,333,307,389,302,0
237,71,445,134,360,188,334,307,390,302,0
236,71,444,134,359,187,334,307,391,302,0
235,72,445,133,359,187,334,307,390,302,0
235,72,445,132,359,187,335,307,391,302,0
235,72,445,132,359,187,334,307,391,302,0
233,72,444,132,358,187,333,307,390,303,0
232,71,444,132,358,187,334,307,389,303,0
232,71,442,132,358,187,334,307,388,303,0
232,71,441,132,359,187,333,306,386,303,0
232,71,441,132,359,187,334,306,386,303,0
230,71,441,131,358,186,333,305,385,302,0
230,72,440,131,358,187,333,304,385,301,0
230,72,440,132,357,188,332,305,383,301,0
230,72,439,131,355,189,331,303,380,300,0
231,72,439,130,353,191,327,303,374,301,0
232,71,437,131,349,193,322,301,364,301,0
233,70,435,131,347,193,320,298,361,300,0
233,69,433,130,345,192,317,298,359,300,0
233,69,434,130,345,192,317,298,359,300,0
233,69,433,130,341,192,311,298,357,302,0
232,67,432,130,338,188,304,295,358,301,0
749,100,337,240,513,407,467,647,519,612,0
752,96,339,240,516,406,469,647,522,609,0
755,89,341,240,520,402,467,646,524,606,0
755,92,346,241,522,401,470,644,526,605,0
756,94,348,237,527,400,479,647,533,606,0
759,93,348,238,528,399,480,646,535,606,0
758,93,347,237,528,400,480,646,531,606,0
756,86,337,233,523,398,474,643,525,604,0
755,78,333,233,522,394,467,639,525,600,0
757,77,333,232,523,393,465,640,525,600,0
757,79,332,232,524,395,469,641,524,601,0
754,80,333,231,524,395,471,640,522,600,0
755,83,332,231,519,396,468,642,523,605,0
759,88,334,239,520,399,464,645,526,610,0
755,88,330,235,520,400,468,642,521,608,0
753,82,325,233,517,399,465,642,516,605,0
754,77,323,234,518,399,459,641,518,606,0
757,72,323,237,526,399,458,640,521,606,0
761,80,325,243,532,401,456,639,525,611,0
756,86,332,250,542,407,457,638,523,617,0
755,78,333,253,551,408,457,640,529,620,0
757,73,335,252,545,403,454,643,535,620,0
762,77,347,260,550,410,461,652,540,625,0
758,81,354,265,558,411,465,649,545,625,0
757,81,357,268,565,410,464,647,549,625,0
762,80,359,263,566,409,469,648,549,624,0
766,80,359,263,560,409,467,650,550,625,0
766,84,365,266,563,410,468,650,556,627,0
765,87,369,272,564,412,468,652,559,629,0
765,90,370,278,565,414,467,654,559,631,0
764,85,367,272,560,412,462,655,557,631,0
762,85,368,272,564,414,470,654,557,629,0
762,89,371,275,565,413,470,652,560,628,0
762,89,372,274,566,413,471,650,560,628,0
763,85,372,270,565,411,470,649,558,627,0
764,87,370,271,564,412,469,649,557,627,0
763,85,368,269,562,414,469,654,555,629,0
767,84,362,266,559,412,465,653,553,628,0
764,85,361,268,560,413,464,651,552,627,0
764,86,363,268,559,414,465,652,551,627,0
762,86,365,268,561,413,467,652,554,628,0
762,86,367,269,561,413,467,652,555,628,0
760,86,366,266,561,410,467,649,555,626,0
760,84,365,265,561,408,466,648,556,624,0
761,86,364,268,561,411,464,650,553,625,0
762,86,364,271,560,413,462,652,553,628,0
761,87,363,268,559,413,464,650,550,627,0
761,88,359,269,558,414,464,649,548,625,0
760,90,359,270,557,414,465,650,548,625,0
760,89,359,271,557,414,464,650,548,625,0
759,88,359,269,557,415,465,649,546,625,0
760,88,359,270,559,415,466,649,547,625,0
757,88,356,267,558,415,467,648,542,624,0
753,86,355,267,560,414,464,645,539,622,0
763,82,349,257,537,411,464,653,531,621,0
766,84,349,255,535,414,469,658,528,625,0
772,83,349,255,535,410,470,658,534,622,0
772,86,348,253,532,409,468,655,530,620,0
773,85,349,256,530,408,465,658,534,622,0
773,91,350,255,532,411,472,659,535,624,0
772,92,349,255,531,412,474,660,535,626,0
773,91,349,255,533,413,472,660,536,627,0
770,94,353,257,533,413,475,661,536,626,0
768,98,356,258,533,414,474,661,539,626,0
768,98,355,259,534,416,476,662,539,627,0
767,99,354,258,531,417,475,661,535,626,0
770,93,352,257,533,415,473,661,537,626,0
770,93,353,258,534,416,476,662,538,626,0
770,94,351,258,532,416,473,660,535,625,0
769,93,347,256,528,414,470,660,534,625,0
769,93,351,257,529,412,470,658,536,623,0
771,98,353,258,530,415,472,657,535,624,0
768,94,354,256,531,413,472,660,537,625,0
766,93,353,254,529,412,473,660,536,625,0
768,88,355,254,537,410,475,659,539,624,0
769,88,357,250,537,406,474,657,544,623,0
769,87,357,252,540,409,477,660,545,625,0
772,85,357,246,542,402,476,654,549,619,0
772,81,353,238,539,395,475,649,547,614,0
775,71,352,224,537,384,466,646,550,612,0
770,77,353,225,544,381,463,642,549,614,0
786,55,353,211,554,368,457,639,565,619,0
783,88,357,199,540,373,475,657,561,630,0
781,88,340,196,527,365,463,645,555,619,0
778,80,336,221,532,373,466,647,553,624,0
779,80,340,219,541,377,478,648,552,621,0
789,66,333,228,543,378,450,638,539,619,0
795,66,338,237,543,376,426,633,542,621,0
788,79,347,220,556,389,488,644,545,613,0
791,69,336,214,528,372,459,637,553,604,0
793,72,350,212,550,372,468,636,558,609,0
764,99,381,189,530,342,499,637,574,606,0
767,132,368,213,525,371,489,640,562,604,0
767,151,370,202,539,365,497,631,577,608,0
768,159,387,186,511,350,506,632,575,595,0
780,156,383,238,524,367,496,612,599,587,0
786,142,387,265,542,368,501,599,612,576,0
776,133,379,215,567,367,528,600,617,583,0
769,142,389,224,548,364,526,593,610,561,0
779,130,393,217,566,353,524,597,624,574,0
769,139,392,164,556,335,552,624,641,596,0
755,175,415,121,552,335,585,677,640,630,0
765,172,397,152,553,360,592,690,619,633,0
777,174,405,172,590,366,583,673,640,639,0
794,144,396,226,565,396,566,679,630,635,0
807,149,409,263,588,431,570,683,614,649,0
805,138,389,262,592,450,556,686,587,651,0
807,138,377,262,598,445,541,670,587,652,0
805,147,378,256,591,451,574,688,614,655,0
793,160,391,246,579,451,576,697,606,658,0
782,158,379,254,580,454,585,694,598,658,0
788,154,394,245,578,455,580,706,596,665,0
782,155,417,250,587,450,576,699,600,663,0
775,154,412,249,573,450,566,701,586,665,0
775,151,408,230,567,424,579,690,644,649,0
776,158,408,235,561,416,596,700,687,659,0
771,172,407,229,550,416,602,708,692,669,0
772,173,408,239,551,422,598,710,693,674,0
761,179,403,262,566,430,592,706,688,675,0
756,184,413,261,564,433,592,705,682,673,0
757,184,420,253,561,433,588,701,672,665,0
755,190,426,250,561,435,588,700,665,663,0
758,171,447,247,548,424,579,689,676,660,0
756,185,437,245,562,427,579,691,666,659,0
758,187,446,241,560,424,576,688,664,659,0
762,175,486,246,558,417,583,681,693,662,0
757,174,489,244,555,416,584,679,691,661,0
752,165,498,240,557,411,584,674,693,657,0
750,162,494,233,549,409,579,676,689,661,0
753,177,471,238,563,420,570,686,663,657,0
751,177,472,241,566,421,569,686,663,658,0
752,174,474,239,569,419,568,685,662,657,0
746,175,473,240,566,418,565,684,660,655,0
746,173,471,237,566,418,565,683,659,653,0
744,173,472,237,566,418,565,683,658,652,0
743,174,471,232,565,417,566,681,657,651,0
745,173,474,240,568,416,564,680,661,651,0
740,174,473,236,565,415,562,679,658,650,0
740,175,470,233,566,414,563,680,656,650,0
735,169,499,244,547,406,564,667,680,655,0
738,174,501,252,550,411,560,670,677,658,0
751,170,497,241,553,411,559,675,675,662,0
792,173,448,238,562,413,543,683,650,656,0
826,167,455,233,570,409,536,681,654,656,0
860,151,458,231,577,405,531,688,660,660,0
893,143,457,232,586,405,530,683,666,660,0
854,137,418,277,562,347,423,628,632,623,0
843,144,413,283,556,351,414,624,620,625,0
843,144,412,283,556,351,414,624,620,625,0
832,135,417,261,554,350,429,604,605,602,0
814,133,414,255,542,350,430,601,594,595,0
791,134,427,249,552,372,493,607,602,582,0
776,137,416,244,549,374,509,610,602,579,0
765,142,407,249,545,378,514,617,601,584,0
761,138,401,249,548,378,508,613,598,583,0
746,142,393,253,544,379,510,612,597,585,0
736,152,385,261,535,382,508,618,597,591,0
733,154,385,246,527,374,510,615,603,584,0
726,153,378,248,522,366,514,610,620,580,0
724,148,392,258,521,377,482,608,581,583,0
725,158,397,271,533,365,508,606,632,577,0
722,164,402,277,533,362,517,611,650,581,0
714,163,396,270,529,364,504,613,635,586,0
708,149,399,257,512,352,490,599,629,581,0
716,146,383,257,502,355,474,605,614,585,0
728,144,377,257,500,357,462,610,605,590,0
747,136,382,248,502,355,462,617,609,596,0
783,145,389,256,516,357,452,625,607,606,0
810,140,408,254,528,356,463,626,619,605,0
828,126,413,236,547,347,470,611,622,589,0
841,112,416,232,565,337,464,592,621,574,0
838,107,408,226,563,332,456,588,613,569,0
828,111,406,227,564,332,450,587,609,572,0
809,114,407,229,551,334,442,590,595,571,0
797,131,396,232,530,340,423,594,580,585,0
780,119,383,234,533,340,425,574,570,566,0
766,117,370,235,518,338,407,577,557,562,0
759,113,366,229,515,336,401,569,545,556,0
721,148,390,230,492,338,435,558,557,565,0
731,119,373,212,497,327,436,548,544,535,0
715,143,392,219,495,335,452,556,555,551,0
720,120,388,205,501,325,453,540,552,521,0
706,119,376,189,501,321,477,542,555,518,0
702,130,390,202,510,332,488,554,572,529,0
693,143,377,199,490,337,488,571,568,542,0
698,157,382,218,507,345,494,571,581,544,0
724,155,398,227,529,356,526,573,614,547,0
734,156,416,241,541,360,539,577,635,552,0
731,161,408,237,540,357,549,580,644,552,0
720,163,407,254,539,365,541,590,642,563,0
719,164,390,265,541,366,560,603,666,577,0
725,174,415,280,549,368,565,609,684,585,0
739,191,437,291,554,373,570,617,701,596,0
728,184,425,279,544,368,556,612,681,591,0
741,175,403,270,551,364,549,615,675,598,0
763,155,385,260,543,354,529,616,668,598,0
794,146,395,259,558,349,515,612,668,598,0
838,151,413,252,587,337,512,601,679,591,0
884,150,424,259,615,327,513,593,700,585,0
878,182,427,259,614,339,518,589,689,588,0
903,113,441,261,624,327,492,602,692,597,0
904,117,441,259,612,327,467,605,676,604,0
914,142,408,266,618,326,462,588,671,591,0
913,161,394,262,611,327,449,590,663,598,0
893,145,427,265,593,337,430,612,647,632,0
873,156,427,276,589,345,431,609,640,631,0
859,146,391,257,574,344,436,608,624,608,0
838,148,418,283,576,353,418,606,615,605,0
811,167,411,290,554,362,410,606,596,611,0
783,202,405,294,532,371,399,607,577,628,0
789,183,377,292,535,372,405,605,575,609,0
757,151,377,282,512,372,399,618,561,606,0
754,142,371,267,517,372,407,604,546,588,0
734,138,376,257,525,376,453,597,548,573,0
720,144,367,252,507,378,450,618,546,590,0
711,135,351,243,494,372,444,614,536,585,0
696,134,347,236,480,370,438,608,523,578,0
676,133,340,236,474,368,426,602,511,572,0
673,136,323,237,470,362,408,588,504,564,0
666,123,324,236,459,365,404,597,503,566,0
661,107,306,224,454,357,399,589,489,558,0
674,104,285,209,444,354,402,598,490,566,0
666,100,288,212,445,354,401,597,490,563,0
670,110,315,225,450,357,401,589,496,557,0
702,125,324,234,461,362,415,603,508,571,0
713,125,325,236,467,360,418,597,510,567,0
721,125,345,233,473,359,422,598,515,563,0
724,128,349,231,473,361,435,603,529,565,0
730,124,351,230,478,359,440,601,537,565,0
737,123,358,232,490,357,451,596,551,564,0
741,125,361,229,495,356,463,597,567,566,0
746,131,376,235,515,349,498,593,619,561,0
749,143,379,239,531,347,521,589,639,564,0
759,135,381,236,531,338,522,592,657,568,0
755,135,386,243,542,341,533,588,661,570,0
767,145,404,243,541,341,534,595,670,575,0
767,147,424,247,551,347,544,592,672,571,0
778,146,441,247,567,347,554,593,685,572,0
792,142,452,253,577,345,548,597,694,580,0
806,140,458,246,582,342,545,599,694,585,0
830,148,463,249,591,348,548,608,694,593,0
867,134,471,247,604,341,538,608,699,593,0
884,133,469,244,618,338,532,612,698,596,0
912,130,472,245,629,339,526,604,696,589,0
930,136,469,241,625,339,521,601,692,589,0
931,146,467,238,621,343,517,599,685,589,0
922,150,467,232,615,344,519,595,676,585,0
853,138,415,277,558,346,421,631,633,626,0
855,134,392,275,536,346,413,632,627,637,0
853,131,413,266,557,338,413,620,624,618,0
856,138,408,287,549,351,409,625,619,630,0
843,146,416,283,557,351,413,620,618,623,0
851,144,395,272,550,358,425,615,610,620,0
834,132,412,261,551,350,426,612,607,608,0
827,138,399,258,551,361,446,604,596,602,0
814,133,413,257,543,352,429,603,594,598,0
789,135,423,247,548,372,503,613,604,584,0
790,133,435,251,554,373,484,602,597,580,0
770,139,413,241,543,377,519,618,600,584,0
774,138,418,245,549,374,503,607,597,578,0
767,144,420,250,550,379,526,615,604,580,0
765,144,411,250,548,380,515,617,599,585,0
755,145,401,250,541,381,517,622,599,590,0
760,140,404,252,548,378,507,615,600,586,0
751,141,403,257,545,379,502,611,594,584,0
752,140,391,254,545,379,506,614,599,588,0
761,142,391,258,535,380,471,609,567,589,0
738,151,387,261,537,383,505,618,596,594,0
732,153,372,243,517,386,504,625,568,590,0
732,154,386,252,527,376,504,615,599,585,0
712,156,368,245,505,387,515,633,571,592,0
728,150,379,251,522,368,507,613,614,584,0
717,154,377,251,514,382,508,621,583,584,0
724,152,385,272,529,377,494,618,606,593,0
717,152,397,261,513,374,495,613,603,585,0
728,154,393,272,533,364,506,608,632,579,0
718,163,402,278,532,368,516,612,643,582,0
722,166,401,277,530,365,515,614,647,584,0
712,166,402,278,530,370,509,618,640,593,0
715,166,399,273,527,367,503,615,635,590,0
712,156,397,262,509,364,496,614,630,597,0
707,149,395,254,508,352,491,600,628,581,0
708,141,363,250,505,360,480,602,601,584,0
715,149,384,258,499,356,474,607,616,587,0
722,140,388,256,509,368,459,608,581,591,0
726,143,375,256,498,358,458,610,600,591,0
723,137,363,241,486,357,466,612,594,588,0
747,136,381,250,500,356,458,617,605,596,0
750,135,355,234,488,354,467,611,594,588,0
782,144,386,256,514,357,453,625,606,605,0
770,144,364,244,495,358,478,625,616,601,0
806,138,401,252,523,356,464,629,619,606,0
825,118,394,246,543,353,465,615,614,596,0
828,127,413,235,546,347,471,611,622,590,0
839,114,423,235,568,342,463,597,616,578,0
839,114,413,229,559,338,466,594,621,576,0
832,116,415,223,558,338,464,591,615,575,0
838,110,412,227,561,335,458,592,615,573,0
837,110,389,223,553,334,448,593,604,577,0
830,112,408,229,562,334,450,588,608,572,0
817,115,384,215,543,332,449,593,597,577,0
812,113,404,224,550,334,443,591,595,572,0
792,113,380,216,532,340,447,577,583,573,0
797,130,401,231,528,341,425,597,581,585,0
774,116,363,209,510,335,438,581,573,569,0
780,118,386,232,530,340,423,576,570,568,0
764,117,349,212,498,340,425,585,552,568,0
765,116,368,230,514,340,410,577,554,562,0
759,114,346,217,499,335,404,577,542,563,0
755,115,361,224,510,336,403,572,544,558,0
721,148,376,221,470,340,441,582,550,580,0
721,146,384,228,488,337,433,562,556,569,0
716,148,384,215,481,333,437,570,555,570,0
719,145,387,220,486,332,436,556,554,557,0
723,122,380,208,497,328,440,553,549,537,0
723,122,383,213,504,329,445,548,550,531,0
720,126,359,195,480,332,469,559,542,536,0
720,117,383,203,501,325,456,542,555,523,0
711,120,373,189,482,324,470,566,555,536,0
708,119,372,188,497,321,476,545,559,520,0
725,120,388,191,510,349,489,598,564,565,0
705,128,385,202,508,334,483,562,571,537,0
727,127,371,177,511,348,502,591,547,556,0
691,142,372,195,489,343,488,585,566,556,0
721,137,363,185,497,358,493,618,569,580,0
697,153,376,218,510,348,491,577,577,551,0
724,150,385,219,523,381,525,623,563,587,0
735,117,372,204,530,340,514,579,609,539,0
724,143,389,217,525,370,525,594,576,559,0
738,147,415,239,545,363,527,578,619,554,0
730,157,400,227,526,370,536,609,615,579,0
731,160,410,237,538,361,540,583,633,557,0
726,167,403,242,526,371,541,603,633,573,0
722,159,404,255,538,367,535,594,636,567,0
720,167,399,256,530,365,547,610,657,581,0
721,165,392,263,537,367,555,604,662,578,0
731,179,399,267,533,374,567,614,676,586,0
732,175,420,277,546,367,563,608,684,585,0
733,186,415,276,537,376,564,614,679,588,0
741,183,415,278,547,372,575,624,698,601,0
736,175,406,272,538,376,569,632,689,609,0
730,183,406,270,540,371,562,620,681,596,0
733,185,394,263,525,379,562,638,677,617,0
738,176,399,265,543,364,548,617,672,598,0
738,169,387,272,529,368,541,624,670,606,0
760,161,386,259,538,357,528,616,666,600,0
765,159,374,254,531,357,525,618,661,599,0
791,145,392,258,554,349,514,613,665,598,0
809,221,412,265,566,353,523,595,666,591,0
830,148,421,256,582,339,512,603,678,592,0
866,182,424,266,601,341,512,588,681,584,0
877,138,434,266,609,339,503,606,689,604,0
893,144,416,252,614,324,511,587,695,579,0
893,137,433,261,622,330,503,595,694,598,0
890,113,448,263,618,335,505,603,690,596,0
904,104,440,261,626,325,488,599,688,595,0
903,104,443,258,621,333,482,601,674,594,0
903,112,441,260,615,329,469,605,674,602,0
897,126,442,264,616,334,469,599,667,600,0
903,132,409,263,611,327,461,587,662,587,0
903,151,416,274,605,333,452,594,661,597,0
914,160,401,264,611,328,446,589,661,596,0
898,166,422,289,604,340,443,596,658,603,0
887,146,432,272,588,340,430,612,645,630,0
894,147,422,282,604,337,439,600,653,603,0
880,151,422,273,589,342,425,611,641,635,0
869,150,401,262,590,346,445,596,627,597,0
863,145,397,266,578,341,423,603,622,605,0
842,137,392,263,573,360,460,604,617,601,0
837,140,422,283,579,352,417,604,613,601,0
824,143,400,272,569,358,441,599,606,601,0
811,163,411,287,555,362,410,604,594,608,0
800,153,399,283,551,373,441,597,588,598,0
778,197,405,292,530,373,405,610,577,627,0
775,156,378,283,536,379,451,605,583,604,0
781,182,366,282,527,365,400,602,567,605,0
783,175,354,281,512,371,413,607,562,607,0
751,154,377,285,510,375,399,619,559,605,0
325,48,114,91,198,171,174,311,232,299,0
325,48,114,91,199,171,175,311,232,298,0
325,48,114,91,199,171,174,311,232,298,0
325,47,115,91,199,171,175,311,232,298,0
325,48,115,91,199,171,175,311,232,298,0
327,47,114,92,199,170,171,309,231,297,0
327,47,114,92,199,170,172,309,231,297,0
327,47,114,92,199,170,171,309,230,297,0
326,47,115,92,199,170,172,309,231,298,0
331,47,115,92,198,171,171,310,232,299,0
333,36,114,94,202,168,170,307,232,297,0
336,28,115,97,206,166,167,305,234,297,0
338,28,116,97,208,166,168,305,235,298,0
338,28,116,97,208,167,168,306,235,299,0
338,28,116,94,210,166,172,305,236,297,0
339,28,115,94,211,167,173,305,236,297,0
339,27,116,94,211,166,172,305,236,297,0
339,27,116,94,211,166,171,305,236,297,0
338,27,116,94,211,166,171,305,236,298,0
338,27,117,93,210,166,171,305,236,297,0
338,27,117,93,210,166,171,305,236,298,0
338,28,117,93,210,166,171,305,236,298,0
338,28,117,94,209,166,169,307,237,300,0
338,28,118,94,209,166,170,307,237,299,0
338,28,118,94,209,167,170,307,237,299,0
338,28,118,94,210,167,170,307,237,299,0
338,28,118,94,210,167,171,307,237,299,0
338,28,119,94,211,167,171,307,237,299,0
338,28,119,94,211,167,172,307,237,299,0
338,28,120,93,212,167,175,307,238,298,0
338,29,120,93,212,167,175,307,238,298,0
338,29,120,93,212,167,175,307,239,298,0
338,28,120,93,212,167,174,307,239,298,0
338,29,120,93,212,167,174,307,238,298,0
338,28,120,93,213,167,175,307,238,298,0
338,28,119,93,211,167,174,307,238,298,0
339,27,117,95,209,166,168,308,238,301,0
339,27,117,95,209,167,168,308,238,301,0
339,28,117,94,210,166,170,307,238,300,0
339,28,116,94,210,166,170,307,238,300,0
338,28,117,94,210,166,170,307,238,300,0
836,127,567,327,663,386,559,582,687,559,0
836,126,570,322,666,385,567,577,689,556,0
831,128,574,321,670,385,578,575,693,554,0
828,127,576,322,676,387,585,574,697,551,0
822,131,580,323,680,389,602,575,708,551,0
819,125,574,319,676,385,598,586,720,560,0
815,126,575,318,675,382,604,583,726,559,0
811,126,575,318,677,379,611,583,736,560,0
807,129,576,321,678,376,618,583,747,560,0
809,127,580,323,682,372,616,581,753,563,0
808,127,582,328,685,371,622,580,761,561,0
808,127,585,331,690,367,628,578,771,559,0
807,128,587,335,692,366,629,580,778,563,0
808,128,590,339,694,364,632,581,785,565,0
806,129,594,341,696,362,636,579,792,564,0
807,126,595,345,699,360,634,582,797,568,0
808,129,602,350,703,358,632,586,806,574,0
807,129,608,350,704,356,627,587,807,578,0
813,143,599,365,716,360,632,603,809,551,0
812,144,603,368,716,358,627,608,814,561,0
810,146,609,370,720,359,632,609,821,564,0
807,146,613,371,722,358,631,610,823,565,0
810,130,627,364,712,346,627,604,840,596,0
807,131,626,364,712,344,623,601,836,593,0
806,130,625,365,709,344,619,603,833,593,0
803,124,622,364,708,341,614,603,830,591,0
803,123,619,364,707,340,610,602,827,589,0
804,121,615,365,706,340,605,603,823,588,0
807,119,611,366,706,339,598,603,818,588,0
804,127,596,370,709,339,591,616,809,568,0
803,107,601,364,701,334,584,602,805,582,0
804,103,597,363,698,334,579,603,799,580,0
809,98,592,364,699,333,570,606,794,580,0
813,94,592,362,699,332,563,606,788,579,0
822,92,590,362,702,334,557,607,784,580,0
827,87,588,358,700,330,550,605,779,577,0
832,83,587,356,701,328,547,605,778,577,0
837,78,583,355,700,327,542,605,775,578,0
845,80,583,350,702,326,539,603,773,579,0
856,79,579,341,699,322,533,597,765,577,0
865,80,579,338,705,322,527,591,758,573,0
871,83,581,339,714,322,530,584,758,571,0
877,88,575,336,708,325,526,584,751,572,0
886,86,573,335,710,326,521,586,749,572,0
887,94,577,334,713,326,525,577,747,568,0
891,94,578,329,709,329,524,571,739,565,0
893,93,577,327,706,330,525,575,740,567,0
892,91,576,327,702,330,527,578,742,570,0
894,110,562,335,695,346,540,577,735,570,0
897,111,571,336,699,352,550,577,737,568,0
898,111,576,333,699,355,554,578,736,566,0
902,108,583,330,705,359,565,578,739,563,0
903,109,590,328,707,360,572,575,739,560,0
900,111,598,322,709,370,591,575,738,555,0
892,115,612,317,718,380,619,574,743,550,0
895,116,616,324,719,379,606,580,744,555,0
886,119,623,322,724,385,630,578,749,549,0
884,122,628,321,728,386,639,575,754,547,0
880,123,630,319,726,385,640,574,754,547,0
876,128,630,321,733,382,651,575,771,549,0
873,128,631,321,735,378,659,574,782,548,0
868,135,632,324,736,371,667,575,800,549,0
874,130,633,328,737,381,649,577,776,550,0
865,137,632,332,740,364,674,579,820,550,0
861,141,635,340,743,365,676,581,824,550,0
856,145,634,343,742,365,676,582,826,550,0
854,147,635,349,744,366,676,584,829,551,0
849,152,634,354,741,369,675,588,829,551,0
848,153,637,356,742,369,674,589,832,554,0
846,157,643,359,742,368,670,597,840,567,0
848,160,645,362,743,367,669,601,847,574,0
846,156,645,366,745,364,666,604,851,577,0
842,155,644,367,743,361,663,605,850,575,0
837,154,645,367,743,360,662,603,849,573,0
837,150,644,367,743,357,654,603,845,571,0
834,151,646,368,743,358,653,602,842,570,0
839,149,643,370,745,357,653,601,841,565,0
841,146,643,372,746,357,649,602,839,565,0
844,146,642,374,747,358,647,604,839,567,0
846,147,637,372,743,360,644,606,835,570,0
852,141,636,370,745,359,641,606,832,570,0
855,141,634,370,743,360,636,607,828,573,0
859,139,633,368,745,358,636,605,828,572,0
863,137,632,368,746,359,632,606,825,574,0
864,137,632,368,745,359,630,607,824,575,0
866,137,631,367,743,358,625,608,821,577,0
871,135,631,367,745,359,622,609,819,578,0
875,132,629,364,743,358,618,607,814,577,0
878,132,627,365,743,359,614,609,812,580,0
884,129,626,361,741,359,611,608,808,581,0
889,127,626,359,742,359,608,606,804,579,0
892,127,625,356,741,360,608,604,801,578,0
896,126,621,357,739,361,607,606,800,580,0
899,125,623,356,740,360,604,605,799,580,0
901,127,621,354,739,363,605,605,797,582,0
907,127,619,352,740,363,602,601,791,579,0
910,129,620,350,740,365,602,599,788,578,0
913,131,622,347,742,366,605,595,786,576,0
913,133,624,343,744,368,612,590,785,572,0
917,135,622,341,744,373,617,591,783,571,0
916,136,624,337,745,376,624,588,781,569,0
916,138,625,335,744,379,627,589,780,569,0
916,136,627,334,745,381,630,589,778,568,0
914,138,631,331,745,384,639,587,776,565,0
909,141,635,328,747,388,653,585,779,563,0
906,145,637,328,747,390,660,586,780,563,0
902,148,637,330,749,391,664,584,780,561,0
900,147,638,331,750,392,666,584,780,561,0
896,148,640,332,752,393,668,583,782,560,0
885,155,641,331,751,392,682,589,800,564,0
877,158,641,334,751,389,689,591,813,566,0
874,156,643,334,752,388,689,587,813,562,0
871,159,644,338,752,386,696,588,824,564,0
869,161,646,342,754,384,699,588,831,563,0
868,161,646,344,756,386,701,587,831,561,0
866,164,648,350,759,386,704,589,838,563,0
864,165,648,353,759,388,705,590,838,564,0
862,167,650,360,761,388,705,592,843,565,0
860,165,652,364,763,387,702,594,846,567,0
860,167,652,368,762,385,698,599,852,573,0
841,177,645,382,769,396,699,625,853,563,0
840,178,644,387,766,396,693,626,853,566,0
849,181,650,392,768,393,692,627,862,570,0
849,184,655,395,770,392,693,627,867,573,0
841,182,649,397,767,393,687,632,861,574,0
844,184,651,401,766,390,680,635,865,581,0
839,183,650,404,766,389,678,638,867,586,0
840,181,652,405,765,387,673,637,866,587,0
839,182,649,406,763,387,670,639,865,590,0
837,182,648,407,762,388,664,640,861,592,0
836,180,646,407,762,388,662,639,858,590,0
834,178,647,406,762,388,662,640,857,592,0
830,174,647,406,760,389,662,640,854,591,0
831,173,646,404,759,391,660,639,850,590,0
852,129,666,399,766,370,659,620,853,597,0
838,171,651,401,760,392,654,636,843,593,0
841,165,651,401,761,390,651,635,842,593,0
844,165,652,398,760,391,648,632,837,592,0
847,161,652,395,759,387,643,630,834,591,0
854,162,656,394,761,387,644,629,836,591,0
858,159,655,390,758,384,639,628,833,592,0
864,157,652,390,758,383,636,627,832,592,0
890,136,665,372,768,369,636,606,833,586,0
892,136,668,371,769,370,637,604,831,585,0
897,134,668,369,771,370,635,602,829,585,0
902,133,668,369,775,369,632,599,828,584,0
905,135,664,367,771,371,632,600,823,585,0
909,134,664,365,772,369,629,598,822,585,0
911,133,660,364,770,369,627,598,820,584,0
916,134,659,359,767,368,624,596,816,585,0
917,133,657,357,768,369,626,594,814,582,0
913,156,648,366,757,377,622,605,809,585,0
918,155,656,362,763,382,635,600,810,578,0
916,157,658,362,764,385,638,601,810,578,0
918,156,658,357,763,388,645,599,807,575,0
919,154,659,354,765,390,651,598,807,572,0
921,153,662,353,769,391,656,591,806,567,0
918,154,664,351,770,394,665,591,806,564,0
915,157,664,353,769,395,665,590,805,563,0
905,161,672,355,772,409,680,589,800,560,0
902,160,672,353,771,407,681,592,802,560,0
904,158,671,351,774,402,685,583,805,554,0
901,158,673,352,774,401,683,582,804,553,0
896,158,674,349,773,399,686,581,806,553,0
893,158,675,350,773,398,684,580,805,553,0
883,159,676,345,779,390,707,587,832,549,0
883,159,678,351,772,398,689,585,811,553,0
874,160,679,345,781,385,719,585,844,541,0
870,161,676,351,778,388,711,588,839,546,0
868,163,677,350,783,381,726,583,855,536,0
864,163,676,352,783,383,724,582,853,534,0
864,163,675,355,783,381,722,586,857,537,0
865,165,674,357,782,379,721,593,864,542,0
862,164,675,362,781,380,715,598,863,546,0
861,164,676,365,781,378,712,599,865,546,0
854,163,673,366,778,378,704,603,860,548,0
848,164,674,370,779,379,704,605,860,550,0
853,153,681,361,770,363,694,582,866,567,0
852,150,680,363,771,361,690,583,866,567,0
845,151,681,359,764,360,690,578,860,561,0
846,154,678,362,766,361,690,580,862,562,0
845,149,674,361,765,360,687,581,859,561,0
845,146,673,360,763,356,681,582,856,560,0
847,144,669,359,760,355,679,580,852,557,0
850,143,667,359,760,356,675,580,847,557,0
848,144,666,358,760,356,672,578,842,555,0
851,141,665,355,758,354,666,576,837,555,0
853,141,665,353,757,353,663,574,833,554,0
857,138,664,354,758,354,660,575,831,555,0
856,138,662,350,755,351,658,572,829,554,0
861,134,663,349,757,350,654,571,826,554,0
863,134,663,346,757,350,653,568,822,552,0
868,130,663,345,759,350,650,567,819,551,0
870,130,661,346,758,350,648,567,817,551,0
872,129,659,344,756,349,647,567,816,551,0
877,128,657,344,757,349,642,567,812,551,0
880,126,656,344,757,349,639,565,809,550,0
883,126,656,342,758,348,641,559,809,548,0
887,126,656,341,759,348,639,555,804,546,0
890,126,658,336,759,348,640,549,801,543,0
891,126,658,332,757,351,645,547,799,542,0
892,127,658,332,757,352,645,547,798,542,0
893,125,659,331,760,353,646,544,796,540,0
893,126,659,329,758,355,648,544,794,541,0
894,128,658,326,756,357,649,544,790,541,0
894,131,658,324,754,361,655,544,789,542,0
871,161,640,349,743,372,660,549,802,531,0
873,161,641,349,745,373,664,549,803,530,0
876,159,641,349,748,374,667,549,805,529,0
881,157,660,329,751,382,686,548,789,542,0
879,158,662,329,751,384,690,545,789,541,0
877,160,668,330,753,388,697,549,792,541,0
873,161,673,331,752,391,703,549,792,541,0
872,161,673,329,754,390,705,552,795,541,0
868,163,675,328,755,386,713,557,809,541,0
864,163,677,332,757,387,714,559,813,542,0
860,165,681,334,760,387,719,560,818,541,0
860,164,680,335,764,382,724,562,831,538,0
853,167,666,348,773,371,721,566,847,518,0
857,166,682,342,773,383,735,570,847,536,0
849,169,666,352,780,374,731,573,857,523,0
849,171,668,357,784,375,734,576,864,526,0
857,174,686,353,780,383,734,579,859,541,0
858,173,687,358,785,383,732,585,864,545,0
863,178,691,363,791,381,733,589,874,549,0
864,178,692,367,791,382,731,592,875,550,0
863,179,694,368,793,381,730,594,877,553,0
870,184,702,372,796,378,731,594,888,558,0
870,183,701,374,798,379,733,596,888,556,0
873,185,706,378,804,376,735,597,898,560,0
877,182,705,379,806,374,735,600,902,563,0
875,185,711,380,809,373,735,599,905,567,0
873,184,711,383,809,374,733,597,900,563,0
872,161,731,388,807,371,731,604,905,572,0
875,159,731,391,809,371,730,606,906,574,0
879,159,733,393,813,371,729,606,907,575,0
885,181,718,395,817,379,730,601,903,569,0
891,180,721,393,820,379,727,600,903,571,0
895,179,722,392,821,380,726,598,899,569,0
899,180,728,385,818,381,723,595,892,570,0
901,180,734,382,818,380,720,595,890,572,0
894,187,718,388,807,387,711,618,882,588,0
899,187,719,389,809,387,709,615,882,586,0
904,186,721,390,812,387,710,613,883,587,0
908,186,720,388,810,387,707,614,882,590,0
911,185,722,391,813,389,706,614,883,590,0
914,186,723,387,812,388,709,610,882,587,0
919,182,728,390,817,386,708,609,885,588,0
940,170,752,377,836,379,716,588,891,575,0
947,168,754,367,837,377,717,584,889,575,0
954,176,760,372,842,372,729,585,914,584,0
961,166,763,389,858,362,741,605,941,584,0
964,167,764,383,853,361,739,602,937,583,0
966,164,769,384,859,361,745,600,942,581,0
967,162,769,380,858,361,749,599,941,580,0
957,184,766,374,848,368,755,596,939,575,0
207,69,343,154,275,188,266,265,301,273,0
207,68,342,153,275,187,266,261,297,270,0
207,67,340,151,271,186,262,260,294,269,0
208,66,339,150,270,186,260,259,292,268,0
209,66,336,150,268,184,260,256,290,267,0
210,65,338,149,270,184,258,259,292,268,0
211,64,338,149,268,181,253,259,292,269,0
212,64,338,148,268,179,250,260,293,269,0
213,63,338,147,268,176,246,259,293,270,0
213,63,337,146,266,173,241,259,293,269,0
213,63,336,147,264,173,241,258,291,269,0
213,63,336,146,263,170,237,258,292,269,0
212,64,336,146,263,169,235,257,291,268,0
213,64,334,147,261,167,229,259,290,269,0
211,65,333,148,258,167,226,261,289,270,0
211,66,331,146,255,165,221,263,288,270,0
212,68,330,147,254,164,219,264,288,270,0
212,70,329,148,253,164,217,265,288,270,0
219,76,328,153,261,166,211,260,292,273,0
220,77,326,154,259,166,209,264,293,274,0
220,76,322,155,257,166,207,267,293,276,0
221,76,320,157,256,166,208,267,294,276,0
223,73,315,159,254,162,203,273,297,279,0
225,72,313,158,253,160,202,274,299,280,0
227,71,309,160,252,160,202,276,301,280,0
228,70,308,162,253,160,204,277,303,280,0
228,70,309,161,253,159,206,275,305,279,0
230,68,309,161,256,158,207,275,308,279,0
231,67,311,162,257,158,210,274,311,280,0
230,68,315,163,258,160,213,273,312,280,0
229,68,318,164,260,159,216,274,317,280,0
229,67,317,164,260,158,219,273,319,279,0
227,67,320,164,261,159,222,273,321,279,0
226,65,318,164,261,158,225,273,324,278,0
225,64,321,164,262,158,227,274,326,278,0
223,63,325,164,262,158,230,275,330,280,0
220,61,326,162,263,157,232,273,330,278,0
215,60,328,160,263,156,234,274,331,276,0
211,62,328,159,263,156,235,273,329,275,0
208,59,328,155,262,153,238,271,330,272,0
204,62,329,155,262,154,240,271,329,271,0
198,61,331,154,261,154,241,269,328,270,0
193,60,332,152,262,155,245,269,327,269,0
192,59,331,151,263,153,247,267,327,266,0
191,61,330,151,264,154,248,267,327,264,0
190,63,329,151,265,157,249,266,325,263,0
188,61,328,149,265,157,249,267,324,263,0
187,62,329,149,264,159,249,266,321,263,0
185,61,328,147,261,161,248,264,314,263,0
182,61,327,144,262,162,249,263,311,262,0
180,61,328,142,262,164,249,263,308,262,0
179,62,327,142,262,166,248,264,306,263,0
179,63,326,142,261,167,248,263,303,262,0
178,62,320,141,258,169,246,264,296,262,0
179,61,319,142,255,172,243,265,291,266,0
179,63,316,141,253,177,241,262,282,265,0
179,64,315,142,251,179,240,263,279,266,0
181,65,314,142,245,183,232,259,264,269,0
182,65,314,143,245,185,230,261,263,270,0
182,66,311,144,241,183,227,260,262,270,0
184,64,313,145,240,179,219,257,263,270,0
185,64,313,146,240,177,218,256,265,269,0
187,66,313,149,241,180,220,257,265,270,0
188,66,315,149,242,175,217,255,268,269,0
189,66,314,151,242,174,212,258,268,271,0
191,66,316,149,244,171,211,257,271,271,0
191,68,316,153,243,175,209,261,270,273,0
196,69,316,153,246,172,207,260,272,272,0
198,70,315,155,246,173,206,262,273,273,0
200,73,313,158,245,174,204,265,274,274,0
201,75,313,158,244,172,201,268,276,275,0
203,73,311,160,242,170,199,270,278,277,0
206,73,309,162,240,172,198,272,278,278,0
205,72,308,163,238,170,197,274,280,279,0
208,71,307,164,238,170,198,274,282,279,0
209,72,306,167,238,171,200,275,284,279,0
209,69,305,166,238,170,200,275,284,279,0
208,69,306,168,238,172,202,275,285,280,0
207,69,305,169,238,172,202,277,286,281,0
207,70,308,172,239,175,203,277,286,281,0
205,69,307,172,238,175,203,279,286,282,0
204,69,306,171,238,174,205,279,287,282,0
202,68,305,169,238,173,205,279,287,281,0
200,68,305,171,237,174,207,280,287,281,0
198,67,306,170,238,174,208,281,288,281,0
196,68,308,170,238,174,208,281,289,281,0
194,68,309,169,239,175,211,281,289,281,0
193,68,307,169,239,174,213,282,291,280,0
191,68,308,169,239,174,214,281,290,279,0
190,69,308,168,239,174,215,281,291,279,0
188,69,309,167,239,174,217,280,291,279,0
186,69,309,166,239,175,218,279,290,278,0
184,68,310,165,239,175,220,280,288,278,0
180,70,311,164,239,176,221,279,288,276,0
180,70,311,163,239,177,222,278,286,276,0
177,71,311,163,240,178,223,277,285,275,0
175,71,312,163,239,178,224,276,285,275,0
173,72,312,162,241,179,225,275,282,273,0
172,73,311,161,240,180,225,274,280,273,0
169,73,313,162,242,183,227,273,278,273,0
168,73,312,162,240,184,225,273,275,274,0
168,75,311,161,240,185,226,271,273,273,0
168,75,309,161,238,186,226,269,270,271,0
168,76,308,161,237,187,224,268,267,272,0
169,77,307,161,234,190,221,266,259,274,0
169,77,307,161,233,191,221,266,258,274,0
167,84,308,159,236,192,217,261,259,271,0
168,85,308,157,235,192,214,260,256,272,0
174,77,305,160,229,193,215,265,251,276,0
176,77,305,159,231,191,217,263,252,273,0
178,77,306,158,232,190,215,262,253,273,0
180,75,306,158,231,188,210,264,254,274,0
181,74,306,158,229,185,204,266,254,276,0
182,75,306,158,230,184,204,264,255,275,0
184,73,306,159,231,183,203,265,256,276,0
184,74,306,160,230,182,200,265,257,276,0
184,73,306,161,228,181,197,268,258,278,0
184,74,306,162,229,179,196,270,261,278,0
188,85,312,163,233,182,193,263,268,282,0
190,86,310,162,233,182,191,264,268,282,0
188,75,304,165,226,179,191,273,261,279,0
189,76,304,166,226,178,191,273,262,278,0
195,89,306,167,232,180,186,268,269,284,0
192,76,299,169,222,175,185,277,264,281,0
193,76,298,170,221,174,183,279,265,282,0
193,77,297,171,219,174,183,280,267,283,0
196,76,294,172,219,173,181,283,269,284,0
197,75,294,173,220,173,183,282,270,285,0
198,75,294,173,220,173,183,283,271,285,0
198,77,293,172,221,172,184,284,273,285,0
199,76,292,172,221,171,184,284,274,284,0
200,75,291,174,220,172,185,284,274,284,0
200,74,290,176,221,174,188,285,274,284,0
202,86,290,176,229,179,192,277,283,290,0
183,65,305,177,236,186,199,279,291,285,0
182,62,303,177,238,186,202,277,291,285,0
181,61,305,176,241,186,203,276,293,286,0
180,62,303,177,242,185,205,276,295,286,0
178,63,304,178,241,185,206,276,296,285,0
179,66,302,177,241,186,205,273,296,285,0
177,69,302,176,240,187,207,273,297,284,0
174,64,300,187,233,189,207,285,294,279,0
172,64,300,186,233,190,208,285,294,280,0
172,65,299,185,234,188,209,282,295,277,0
180,77,290,174,227,179,207,275,283,279,0
178,77,289,172,227,178,209,274,283,276,0
176,78,290,172,227,178,210,273,283,276,0
173,77,291,170,229,177,212,273,282,273,0
172,77,290,169,230,177,214,273,283,273,0
168,78,290,167,230,177,213,273,282,272,0
166,77,290,166,230,178,214,274,280,272,0
165,76,291,165,230,178,215,272,279,271,0
163,76,290,162,230,179,214,271,274,270,0
162,76,290,162,230,180,215,269,272,269,0
161,76,289,161,229,181,215,268,269,268,0
161,75,289,160,228,183,215,267,264,267,0
161,75,289,159,228,183,215,264,262,265,0
161,75,289,158,227,185,215,262,258,265,0
162,75,290,158,227,185,213,262,257,266,0
163,75,289,156,226,188,211,261,249,268,0
164,75,290,157,224,189,208,260,246,269,0
164,76,289,158,221,190,204,260,242,270,0
165,77,288,159,220,190,205,259,244,269,0
167,78,288,159,221,189,206,259,246,269,0
169,78,289,160,221,189,205,258,246,269,0
170,78,290,160,219,185,199,255,246,268,0
172,78,290,161,220,189,203,257,246,269,0
169,72,304,160,232,178,209,246,247,271,0
171,70,304,159,234,179,212,247,249,271,0
169,74,306,159,232,178,203,243,247,270,0
167,73,305,161,230,177,199,246,249,271,0
167,71,306,163,230,176,197,245,252,270,0
166,75,304,165,228,177,196,250,253,270,0
166,73,304,163,230,177,198,248,254,271,0
165,70,305,164,229,176,196,250,256,272,0
166,70,305,166,227,176,195,251,259,270,0
167,67,305,166,227,177,195,253,260,271,0
167,66,305,167,227,176,197,255,262,272,0
169,63,305,168,229,176,198,256,265,273,0
170,60,305,170,230,177,197,257,268,276,0
171,57,303,170,229,176,196,259,270,275,0
173,55,304,171,231,178,196,260,274,277,0
173,56,304,170,232,178,197,263,276,278,0
174,53,304,170,234,178,198,262,279,277,0
175,55,306,169,237,178,201,262,279,278,0
176,52,307,169,240,179,204,264,282,277,0
177,51,308,171,242,178,207,266,285,277,0
179,51,307,170,243,177,210,264,286,275,0
180,51,306,168,244,175,211,262,288,272,0
182,55,305,164,245,175,212,259,287,272,0
183,55,304,164,247,174,214,260,290,271,0
183,57,304,163,248,173,215,258,291,270,0
183,59,303,162,249,172,216,259,292,271,0
183,60,303,162,250,172,217,259,292,272,0
181,60,304,162,249,171,218,257,292,269,0
180,62,304,162,249,171,221,257,293,269,0
179,63,305,161,249,171,223,256,293,267,0
179,67,301,163,247,170,224,253,293,264,0
179,65,301,163,247,171,227,253,293,263,0
178,67,300,163,245,173,228,250,287,263,0
177,67,299,163,245,172,230,249,288,261,0
177,68,299,162,244,172,232,247,284,262,0
177,68,299,161,244,173,234,248,281,264,0
178,69,297,161,243,172,235,247,279,262,0
177,70,296,162,242,172,238,246,278,261,0
178,72,296,159,244,172,238,245,275,262,0
178,73,295,166,238,172,233,252,280,262,0
179,74,294,165,238,172,233,250,277,263,0
180,75,295,154,243,169,239,241,263,260,0
179,77,295,154,240,170,236,240,259,259,0
183,79,294,152,239,170,234,240,253,259,0
182,77,294,153,239,171,232,242,252,260,0
183,78,292,152,239,170,234,242,252,259,0
182,75,293,154,239,172,232,244,249,264,0
180,74,294,153,238,172,226,242,249,263,0
179,73,296,153,238,173,221,242,250,265,0
179,72,294,152,238,173,223,241,249,264,0
177,70,298,154,235,173,211,242,251,266,0
177,72,299,153,236,175,214,239,249,265,0
172,66,300,158,232,174,202,243,253,268,0
172,68,299,158,230,175,199,243,252,268,0
173,68,298,158,229,176,199,243,250,268,0
173,68,296,162,228,177,201,246,251,268,0
174,71,295,163,225,178,198,247,249,268,0
169,61,290,159,223,179,182,251,258,268,0
169,64,289,162,218,179,180,253,258,267,0
179,75,283,147,220,172,182,249,253,277,0
175,77,281,152,219,173,181,251,253,277,0
172,75,281,154,217,175,181,254,254,278,0
170,75,281,158,214,176,180,258,253,278,0
170,76,280,160,212,176,179,257,252,278,0
171,76,275,163,209,175,177,262,255,275,0
170,74,275,166,209,176,178,262,253,277,0
169,73,273,169,210,178,182,262,250,277,0
169,70,271,170,210,179,182,263,249,278,0
179,63,262,164,217,178,171,269,261,280,0
165,67,268,175,209,183,181,264,248,278,0
164,68,267,175,209,186,181,264,248,279,0
167,64,264,183,214,192,178,281,268,278,0
160,66,265,180,210,190,184,269,250,281,0
164,69,263,183,211,192,179,283,268,282,0
163,71,261,184,212,192,181,284,269,282,0
158,58,261,178,216,186,180,271,264,282,0
157,68,262,187,210,192,182,282,267,283,0
155,65,262,186,208,191,183,280,263,283,0
155,69,262,188,206,193,184,281,262,284,0
153,72,262,190,206,193,183,281,265,284,0
150,73,260,189,207,191,184,280,266,283,0
146,69,258,187,209,192,184,270,266,279,0
147,73,261,189,202,192,184,278,265,280,0
144,72,261,188,201,190,184,275,263,279,0
140,75,254,178,202,183,191,279,261,281,0
138,75,253,177,202,183,191,280,259,282,0
140,73,252,176,201,183,192,280,259,282,0
138,73,251,176,200,185,190,281,256,282,0
138,72,248,176,200,184,191,279,256,279,0
137,71,247,176,201,185,194,277,253,277,0
134,70,246,177,201,185,195,276,251,277,0
129,77,233,171,204,182,205,280,246,283,0
133,77,234,166,193,184,167,261,220,275,0
130,82,233,180,188,192,161,269,223,278,0
383,47,196,127,273,142,199,248,290,247,0
384,48,197,128,274,143,200,247,289,247,0
382,50,197,129,272,145,200,248,288,248,0
382,52,198,130,271,147,201,248,286,247,0
381,53,199,128,269,149,203,247,282,246,0
380,54,198,129,268,152,204,247,281,246,0
380,54,198,128,268,153,207,246,279,245,0
378,53,199,125,268,155,211,245,278,242,0
377,54,200,124,268,156,215,244,277,241,0
376,53,201,121,267,157,221,243,274,239,0
375,52,201,118,266,157,221,243,272,238,0
375,49,202,115,266,158,227,245,273,237,0
375,46,201,113,266,157,226,244,272,236,0
374,46,201,112,265,157,223,245,270,237,0
369,47,204,110,268,148,228,242,282,230,0
371,46,203,109,267,147,227,244,283,231,0
369,45,202,110,268,144,226,245,288,232,0
369,45,202,110,267,143,226,246,290,233,0
370,45,202,111,268,141,227,246,294,234,0
371,46,202,112,266,140,224,246,295,234,0
372,47,202,112,265,139,224,247,296,236,0
374,47,201,113,263,138,219,249,296,239,0
376,47,200,114,262,138,215,250,296,240,0
377,49,200,116,261,137,210,251,295,243,0
377,50,200,117,260,137,208,252,295,244,0
378,50,200,117,260,136,205,251,294,244,0
378,51,200,118,260,136,201,251,292,245,0
387,44,197,125,272,140,200,255,295,249,0
380,41,198,126,275,141,206,252,298,252,0
380,42,198,127,275,142,205,252,297,252,0
379,44,198,129,276,143,205,250,295,251,0
379,46,200,130,278,145,206,248,293,250,0
369,55,201,127,267,147,209,246,286,243,0
380,54,204,130,268,151,205,245,282,241,0
380,54,203,130,268,152,205,243,281,240,0
378,54,204,126,265,155,209,243,277,238,0
378,53,204,125,265,155,212,242,276,237,0
376,53,205,123,264,158,218,243,274,235,0
374,53,205,119,264,158,221,242,272,234,0
371,53,208,117,266,158,226,240,271,232,0
371,52,205,118,266,159,224,243,273,234,0
370,53,204,119,267,158,226,243,279,234,0
361,55,203,117,267,149,229,244,289,231,0
361,54,202,116,266,148,229,246,290,232,0
360,52,202,116,265,147,228,248,292,235,0
360,51,201,116,265,145,228,249,295,235,0
361,50,201,116,265,143,227,249,297,237,0
362,48,200,116,265,140,225,248,299,237,0
362,48,200,116,264,139,224,248,299,237,0
364,47,200,117,264,137,219,250,300,240,0
366,46,199,118,264,136,217,250,300,241,0
369,47,200,117,264,135,211,249,298,241,0
370,47,199,118,263,134,209,249,297,242,0
380,43,195,124,274,137,203,250,297,248,0
381,45,194,125,274,138,200,250,294,248,0
383,45,194,125,273,138,198,250,294,248,0
385,45,194,126,273,139,198,250,293,248,0
385,46,195,126,273,140,198,250,292,248,0
385,48,197,128,274,142,198,249,290,248,0
384,49,198,128,273,144,200,249,289,248,0
383,53,197,130,271,146,198,248,286,248,0
383,53,199,131,270,150,202,249,284,247,0
382,54,199,129,270,151,204,247,282,246,0
381,56,198,131,270,153,206,245,281,245,0
379,55,200,126,269,155,211,244,278,243,0
377,55,200,124,268,156,214,244,277,242,0
377,54,201,123,268,157,217,243,276,240,0
375,52,201,119,267,157,220,243,273,238,0
375,50,203,116,267,159,227,244,273,237,0
375,47,202,115,267,158,226,245,273,237,0
373,47,202,113,266,157,224,244,270,237,0
369,49,204,112,268,150,227,242,278,230,0
370,46,203,110,268,147,228,244,283,231,0
370,46,202,110,267,145,226,246,288,233,0
369,46,203,110,268,143,226,246,290,233,0
370,46,202,111,267,141,227,246,294,234,0
371,46,202,111,267,140,225,246,294,234,0
371,47,202,112,265,139,224,247,296,236,0
372,47,201,112,264,139,222,247,297,237,0
376,48,200,114,262,138,216,250,296,240,0
376,49,200,115,261,137,213,251,296,242,0
376,50,200,116,260,136,208,252,295,244,0
377,50,200,116,260,136,205,251,294,245,0
377,51,200,118,260,136,203,251,293,245,0
388,44,196,124,272,140,199,255,295,249,0
675,470,226,474,403,559,469,690,473,696,1
675,461,201,460,401,559,474,698,472,701,1
666,446,280,428,434,542,479,720,503,692,1
670,487,184,486,382,580,458,677,445,698,1
687,498,193,481,413,566,467,664,468,685,1
689,483,184,494,412,567,462,673,479,696,1
703,466,232,500,449,564,469,666,488,677,1
700,461,214,480,438,559,487,679,491,680,1
702,460,203,471,440,556,495,669,490,669,1
712,434,291,387,450,507,508,712,527,680,1
721,424,308,386,476,497,510,688,544,672,1
715,414,309,388,477,499,511,685,545,669,1
708,404,303,375,471,493,506,689,544,668,1
692,399,294,359,453,488,506,695,531,664,1
692,393,297,357,462,480,505,686,539,663,1
700,380,306,358,455,481,501,685,524,657,1
687,380,304,346,445,472,500,684,523,655,1
678,378,306,347,435,473,492,680,508,651,1
679,377,329,350,436,468,492,675,508,651,1
668,409,255,383,448,500,483,667,517,656,1
671,411,256,387,450,499,483,659,516,648,1
668,409,259,385,446,495,475,658,512,648,1
678,375,315,334,428,459,498,678,511,641,1
684,384,243,336,443,474,491,682,497,659,1
684,384,250,324,447,469,493,684,496,661,1
659,403,279,378,442,491,476,660,507,651,1
683,390,233,356,448,488,495,687,497,663,1
683,396,220,356,447,488,494,684,499,661,1
679,391,224,344,441,481,496,686,496,660,1
672,379,319,333,422,458,492,680,498,644,1
655,405,285,406,442,505,473,662,507,647,1
668,411,281,396,451,504,477,662,508,650,1
697,389,272,389,477,502,499,682,506,660,1
664,412,277,402,441,509,476,665,502,651,1
692,390,280,398,474,504,497,679,509,653,1
701,395,269,384,474,496,494,680,501,658,1
672,415,274,403,448,504,475,654,504,645,1
714,410,258,366,472,487,504,685,513,660,1
717,452,216,418,428,501,471,634,487,651,1
713,452,186,410,423,497,467,618,478,639,1
729,447,197,423,448,500,482,606,494,629,1
711,432,254,392,486,494,512,630,526,618,1
714,417,298,396,465,488,505,623,516,633,1
716,429,310,396,467,490,509,632,514,639,1
713,429,278,388,466,484,507,622,513,628,1
726,421,280,380,477,479,521,625,526,627,1
745,430,236,368,486,468,509,613,532,620,1
767,413,279,373,503,465,528,619,547,618,1
765,406,301,371,507,468,538,628,547,621,1
762,380,327,353,540,451,546,624,576,604,1
769,434,331,363,575,452,553,608,588,599,1
781,405,343,345,565,437,547,616,601,603,1
786,402,306,338,560,437,547,617,582,606,1
797,390,332,341,568,435,540,614,601,606,1
799,377,311,332,567,435,554,614,599,609,1
811,408,321,350,571,429,563,591,602,590,1
789,398,303,330,555,434,554,589,594,585,1
788,392,321,331,562,429,563,584,601,577,1
777,376,373,319,570,405,568,572,615,570,1
815,380,314,334,554,411,537,566,594,583,1
826,385,273,322,551,407,535,563,590,579,1
825,379,295,332,555,410,530,564,590,584,1
785,402,353,326,568,409,559,579,612,579,1
785,408,323,345,562,432,548,580,597,583,1
776,509,371,352,600,428,569,559,619,572,1
789,399,320,325,572,413,552,572,604,577,1
787,379,349,328,588,410,570,565,615,568,1
806,364,317,314,586,404,571,575,623,576,1
814,361,311,307,588,403,573,579,624,580,1
819,384,321,323,583,413,568,551,622,582,1
820,380,321,320,580,408,568,554,623,583,1
834,367,338,325,582,397,565,554,637,586,1
843,383,357,354,583,420,572,553,638,592,1
814,341,420,293,595,395,588,600,654,598,1
844,358,386,349,595,406,578,600,645,608,1
846,391,386,349,554,422,551,608,602,622,1
835,351,296,325,565,418,557,614,622,614,1
840,345,290,314,557,414,558,620,620,619,1
839,341,309,317,561,415,575,623,629,615,1
824,318,387,296,586,405,581,612,653,596,1
846,335,308,318,575,410,572,613,636,608,1
851,335,295,317,570,410,569,613,629,609,1
855,326,301,312,574,409,571,619,631,618,1
854,328,300,310,577,407,577,618,637,618,1
862,327,258,312,564,411,555,613,618,616,1
857,319,295,318,581,407,567,610,634,611,1
859,310,293,315,579,403,561,612,635,615,1
861,298,297,313,571,400,561,613,635,617,1
864,296,290,303,566,395,561,617,640,623,1
838,293,363,303,597,397,564,601,660,596,1
856,287,295,318,574,403,555,614,629,618,1
811,218,577,294,586,351,623,581,692,572,1
827,273,446,289,611,393,591,612,667,616,1
844,291,401,295,623,393,593,617,685,622,1
851,295,378,334,629,401,567,614,690,623,1
860,281,417,333,626,404,577,630,686,633,1
859,230,481,277,600,362,631,620,720,610,1
846,248,513,287,602,367,636,620,715,616,1
821,254,543,288,597,392,615,642,662,640,1
798,240,602,286,592,386,622,650,671,642,1
630,376,692,331,704,413,663,583,710,631,1
733,231,692,331,672,422,657,645,704,678,1
793,214,692,331,619,387,632,639,697,649,1
610,265,629,281,660,415,647,646,687,679,1
743,233,511,274,645,410,642,647,676,668,1
876,291,511,274,571,428,576,626,626,645,1
887,262,511,274,581,430,588,661,634,671,1
878,314,511,274,586,423,568,597,630,628,1
857,263,511,274,600,420,595,647,671,653,1
861,267,511,274,570,436,586,650,622,658,1
855,269,511,274,565,431,564,643,621,658,1
854,254,511,274,572,419,576,645,633,664,1
859,305,511,274,591,418,561,625,645,659,1
860,322,511,274,573,424,548,634,591,645,1
866,300,511,274,554,421,544,647,585,656,1
863,325,511,274,550,417,531,622,593,639,1
861,303,511,274,544,413,545,649,594,656,1
851,313,511,274,542,419,548,640,587,638,1
861,320,511,274,538,417,553,643,593,641,1
862,313,511,274,522,424,541,646,577,646,1
866,328,511,274,557,431,571,630,591,621,1
871,347,511,274,555,433,563,637,592,628,1
869,337,511,274,543,436,569,655,591,637,1
877,342,511,274,543,441,562,662,589,645,1
882,336,511,274,544,438,554,671,592,658,1
894,348,511,274,555,434,563,665,595,654,1
888,345,511,274,556,433,560,663,596,656,1
883,372,511,274,558,445,560,653,584,642,1
865,348,511,274,539,446,555,655,577,644,1
851,347,511,274,547,455,562,651,577,637,1
849,352,511,274,543,455,559,649,573,635,1
845,352,511,274,526,456,542,655,568,645,1
851,358,511,274,536,448,542,652,572,645,1
848,367,511,274,536,444,540,653,579,651,1
853,370,511,274,530,442,538,653,578,651,1
830,328,511,274,495,445,527,661,562,653,1
835,346,511,274,498,445,521,657,554,647,1
866,364,511,274,498,439,509,663,518,645,1
868,359,511,274,490,435,508,664,515,647,1
834,336,511,274,492,440,530,658,556,646,1
842,341,511,274,503,439,532,663,563,650,1
846,354,511,274,507,435,533,648,561,640,1
848,363,511,274,495,443,500,612,541,627,1
836,334,511,274,505,434,524,638,561,638,1
832,328,511,274,503,436,520,647,562,650,1
836,359,511,274,481,440,491,629,540,648,1
839,366,511,274,485,444,498,627,541,640,1
841,369,511,274,488,437,496,618,539,633,1
841,376,511,274,501,443,506,616,545,630,1
845,375,511,274,490,443,507,623,542,636,1
834,349,511,274,500,436,530,643,565,640,1
842,368,511,274,490,435,503,626,545,640,1
874,298,403,342,490,407,563,673,549,657,1
881,277,381,322,470,395,547,679,538,662,1
861,264,340,304,469,396,539,676,539,661,1
852,251,357,305,470,394,528,672,532,658,1
864,244,343,270,458,369,519,658,526,640,1
870,234,341,244,457,357,532,651,528,623,1
875,222,309,215,461,348,527,648,526,619,1
874,225,294,227,448,354,517,654,526,630,1
870,241,308,244,457,364,534,657,536,633,1
882,245,286,241,461,360,527,651,533,628,1
882,241,300,230,464,359,537,649,536,620,1
892,270,295,254,481,367,536,651,538,627,1
866,265,373,286,557,370,534,633,613,631,1
878,279,414,295,572,362,555,632,625,624,1
916,266,398,235,556,354,601,640,606,618,1
890,267,530,326,616,370,645,587,661,599,1
874,271,531,330,637,372,625,622,690,611,1
921,299,487,294,573,369,648,651,643,624,1
945,300,456,276,563,359,638,636,627,612,1
948,285,394,257,540,355,627,628,614,610,1
944,293,340,251,552,365,618,628,608,613,1
953,293,339,251,542,362,607,635,612,626,1
943,294,318,246,530,363,602,635,605,628,1
902,293,370,286,526,379,593,619,597,607,1
881,283,313,253,526,379,571,618,590,608,1
887,308,282,215,470,372,576,641,538,601,1
863,288,256,203,472,372,557,643,524,609,1
849,275,219,233,454,374,510,625,521,607,1
841,269,211,223,458,365,499,620,527,606,1
844,268,195,210,479,367,508,625,531,610,1
851,256,196,212,454,343,489,619,535,606,1
869,267,207,201,485,353,519,623,543,612,1
876,266,204,193,487,346,528,623,545,608,1
878,287,224,169,489,327,517,631,551,592,1
877,290,223,169,492,328,520,633,553,595,1
885,276,205,187,504,346,539,623,558,606,1
906,287,233,188,490,348,559,630,565,605,1
937,270,216,197,481,330,533,607,557,600,1
933,278,234,193,499,331,543,602,569,593,1
954,275,243,191,519,328,550,596,583,588,1
956,277,254,176,508,315,560,595,581,583,1
956,274,250,168,523,319,569,597,582,583,1
950,270,240,164,499,306,556,583,578,576,1
928,246,270,161,473,291,554,599,576,582,1
919,242,247,130,496,289,554,578,565,562,1
901,246,250,145,514,308,562,573,567,555,1
890,240,246,140,517,309,563,582,570,558,1
881,242,230,137,509,313,555,580,554,557,1
886,242,219,141,508,309,544,578,558,562,1
877,237,220,139,501,313,548,584,553,563,1
892,247,215,142,501,316,548,579,545,559,1
897,254,231,140,506,311,556,580,555,559,1
900,262,243,144,498,307,565,578,564,558,1
897,272,251,155,513,321,570,587,573,565,1
889,268,246,152,514,324,567,589,568,565,1
884,277,246,151,525,328,562,587,573,565,1
883,281,236,157,515,329,554,591,565,571,1
867,279,224,154,508,331,555,595,558,571,1
851,294,246,159,488,322,517,611,551,584,1
848,302,229,155,478,323,512,617,544,587,1
841,306,235,162,471,327,512,613,537,584,1
843,290,238,176,488,351,547,631,545,600,1
858,290,222,183,473,334,525,605,542,587,1
869,310,256,180,503,356,570,632,565,601,1
883,327,255,190,499,365,578,638,559,602,1
894,339,255,198,507,367,576,631,566,602,1
899,348,269,199,517,366,582,628,572,598,1
891,323,255,232,529,375,554,624,598,615,1
910,348,270,219,558,384,607,642,616,621,1
910,354,269,223,563,387,607,640,617,619,1
908,356,268,223,568,389,609,638,620,619,1
893,345,251,224,544,379,565,627,607,616,1
894,354,255,222,548,380,565,629,609,621,1
918,376,283,213,584,385,613,643,638,623,1
928,387,275,213,583,386,612,647,638,627,1
924,382,277,212,583,390,615,656,643,634,1
918,378,273,214,577,387,608,649,637,629,1
918,379,264,216,579,388,607,646,633,628,1
920,384,272,221,581,390,607,649,638,631,1
893,369,257,255,544,393,549,639,611,633,1
902,391,242,221,513,382,575,636,573,607,1
890,396,257,235,509,397,576,641,567,611,1
890,404,265,238,521,405,582,642,572,614,1
881,397,255,273,520,420,558,630,591,639,1
888,396,246,268,542,426,593,660,609,653,1
887,397,244,273,544,433,593,655,603,650,1
881,404,242,276,543,439,585,661,600,658,1
879,407,249,279,546,437,585,662,606,661,1
878,407,253,277,549,439,586,665,607,662,1
876,408,252,282,541,438,575,672,610,672,1
866,399,243,285,539,445,575,664,596,662,1
853,396,240,293,530,445,559,661,594,662,1
834,386,234,302,527,451,552,660,586,661,1
839,397,238,303,526,453,549,660,587,665,1
846,401,236,304,529,455,555,660,589,666,1
849,404,239,306,532,456,561,659,590,666,1
849,403,236,306,530,456,559,661,591,668,1
834,399,239,306,528,458,562,658,586,663,1
852,413,236,294,508,442,546,659,559,648,1
828,401,237,306,524,464,561,658,583,666,1
828,398,237,305,522,463,560,658,582,666,1
829,402,238,311,518,464,559,656,579,663,1
845,422,226,311,487,456,541,659,542,652,1
842,428,229,314,491,462,544,652,541,649,1
845,428,229,311,500,455,542,654,551,651,1
831,410,241,324,515,470,555,657,577,669,1
836,415,244,325,520,470,557,656,581,670,1
842,417,246,322,517,469,558,657,580,672,1
849,412,245,319,519,470,564,663,581,674,1
849,414,260,307,525,462,567,663,590,674,1
854,408,269,306,529,460,579,664,594,673,1
860,411,274,299,542,459,590,670,607,680,1
848,397,271,296,536,451,580,667,609,677,1
847,396,269,293,535,450,579,667,610,677,1
858,403,276,296,544,451,586,665,612,676,1
857,408,283,293,546,452,589,673,618,682,1
854,404,281,294,537,452,588,679,614,686,1
856,407,275,297,543,451,584,670,613,680,1
861,397,313,266,551,463,585,705,603,671,1
855,411,276,300,537,451,580,668,611,678,1
859,415,281,296,548,452,589,675,618,682,1
861,413,287,295,544,447,588,677,623,685,1
864,410,296,297,546,448,595,675,624,681,1
868,412,298,297,547,448,591,677,624,683,1
872,412,301,298,549,448,591,675,622,681,1
876,414,296,299,550,450,598,674,618,677,1
875,415,297,297,552,448,598,669,619,673,1
875,412,297,298,553,447,597,666,621,672,1
880,416,299,297,561,446,595,664,626,672,1
888,423,305,292,568,444,603,665,631,671,1
888,424,307,290,572,440,599,665,636,672,1
892,429,316,291,575,444,606,668,640,674,1
890,421,317,290,569,442,609,669,639,674,1
891,414,318,287,566,438,604,668,639,672,1
890,415,319,283,566,433,603,667,640,670,1
889,410,312,282,566,432,610,664,635,663,1
891,410,317,285,560,433,612,665,632,662,1
896,412,317,284,564,433,618,663,633,658,1
896,409,315,284,562,432,617,667,633,662,1
899,408,319,279,563,427,611,669,639,666,1
899,405,315,273,564,425,620,674,644,667,1
905,407,318,269,570,426,626,672,645,663,1
909,409,322,265,575,423,631,673,652,663,1
913,412,324,263,580,421,627,670,655,663,1
910,411,320,264,578,421,629,672,656,663,1
909,407,326,272,571,427,627,673,648,662,1
911,408,338,272,570,427,629,669,644,656,1
917,412,337,264,580,421,633,669,654,656,1
917,409,344,261,578,419,632,672,658,660,1
916,409,346,265,581,421,622,673,661,664,1
904,366,368,248,596,436,647,702,683,670,1
917,406,344,263,583,421,625,678,670,669,1
917,409,345,262,584,419,625,674,670,666,1
906,367,372,247,599,434,646,702,686,669,1
918,403,364,256,603,439,649,680,674,655,1
911,371,377,248,614,434,642,692,684,661,1
910,372,372,251,614,439,645,698,686,666,1
908,373,374,247,609,439,651,702,686,665,1
906,375,374,248,604,441,647,701,675,664,1
908,378,373,251,600,443,650,701,678,667,1
915,413,340,271,577,426,632,679,658,667,1
900,369,369,252,600,443,651,706,678,672,1
916,409,339,270,583,422,630,671,658,661,1
905,368,379,249,603,433,649,692,684,660,1
923,399,361,256,607,438,655,685,684,661,1
906,358,374,245,610,425,649,691,692,662,1
920,393,362,254,611,436,657,681,685,658,1
927,410,370,260,618,439,660,675,687,651,1
911,368,388,250,621,426,658,686,704,654,1
912,364,390,251,623,425,649,681,698,652,1
909,364,389,248,625,425,649,683,697,651,1
908,363,391,246,622,425,647,685,695,651,1
907,366,388,243,626,422,652,685,701,649,1
920,396,380,248,627,434,656,666,685,638,1
918,393,380,247,620,434,653,669,683,640,1
904,359,393,242,619,420,647,683,691,646,1
907,359,391,244,615,419,646,680,693,647,1
921,396,377,255,617,433,652,667,682,642,1
921,394,377,254,617,433,653,666,679,641,1
909,364,387,243,611,422,641,685,686,652,1
908,365,387,243,613,423,643,685,688,652,1
906,365,392,243,616,422,644,685,690,650,1
920,400,381,249,619,432,649,670,685,642,1
918,399,378,249,615,431,649,671,684,643,1
918,402,378,250,615,432,649,669,683,644,1
919,405,380,251,618,432,650,670,685,644,1
918,405,380,251,619,433,649,670,682,644,1
917,405,382,250,617,433,651,676,687,647,1
902,365,397,240,610,422,651,691,691,651,1
903,367,394,242,611,424,653,692,694,654,1
902,365,395,241,611,424,652,692,692,654,1
902,365,395,242,609,425,652,694,690,655,1
902,366,395,242,609,424,651,692,691,654,1
903,367,393,242,609,424,651,692,694,655,1
908,369,390,245,614,426,655,691,697,656,1
911,376,391,244,618,423,653,687,700,652,1
911,374,390,242,617,419,653,685,704,650,1
926,422,364,258,607,415,637,652,671,639,1
914,393,354,267,606,418,620,633,678,655,1
912,397,361,269,609,416,620,632,682,656,1
904,359,403,235,608,410,645,677,690,640,1
902,351,402,233,605,408,647,678,692,641,1
903,349,398,235,607,412,648,681,692,644,1
905,345,401,235,600,411,644,680,689,643,1
905,341,406,238,604,414,644,684,688,644,1
909,341,407,237,597,413,642,686,687,645,1
905,348,409,241,597,420,641,688,678,648,1
906,349,411,241,604,420,643,688,688,646,1
917,349,409,240,610,416,644,689,695,646,1
941,373,360,262,601,411,627,635,676,651,1
940,379,360,264,606,415,633,637,678,652,1
925,376,357,268,603,414,625,633,675,651,1
918,357,403,237,610,413,647,686,700,646,1
912,355,400,239,612,416,648,688,700,648,1
916,360,405,242,620,421,647,689,693,647,1
920,364,397,243,620,420,644,689,695,650,1
921,365,397,243,616,419,642,687,689,647,1
916,364,395,240,611,419,640,687,688,648,1
908,372,386,240,609,423,639,686,687,652,1
914,379,382,244,620,425,639,684,689,654,1
908,371,379,247,631,431,645,689,698,659,1
909,396,382,252,648,433,649,683,704,657,1
915,390,379,249,645,431,649,684,707,659,1
922,376,375,248,635,432,649,692,707,664,1
924,380,375,248,640,432,650,692,710,665,1
925,376,370,250,638,433,653,694,711,666,1
921,375,368,250,632,435,652,695,708,668,1
920,376,367,252,632,434,651,691,706,666,1
919,380,368,258,630,433,651,680,697,661,1
918,379,366,260,628,434,647,677,692,660,1
918,378,365,260,626,435,646,681,691,662,1
919,376,363,259,624,435,649,687,696,666,1
930,416,350,269,623,443,653,677,680,659,1
930,417,351,271,626,445,654,677,679,659,1
905,401,316,287,630,434,633,674,698,679,1
901,399,317,288,626,435,634,676,698,682,1
903,397,319,288,628,434,638,674,698,679,1
921,380,368,260,642,436,652,684,700,661,1
908,399,317,285,633,431,642,670,699,672,1
911,382,320,280,617,429,638,680,699,681,1
922,383,323,281,625,428,643,674,694,672,1
929,386,326,281,627,428,648,675,695,672,1
933,386,329,277,623,424,645,672,696,671,1
945,411,360,259,630,439,650,674,691,651,1
944,412,362,260,632,438,651,669,690,647,1
940,413,363,263,634,439,655,670,690,648,1
941,417,362,264,634,438,655,668,689,647,1
943,428,363,263,639,437,660,668,697,647,1
940,431,363,265,632,440,660,669,690,647,1
940,431,362,264,629,440,660,669,687,648,1
940,424,362,259,625,435,655,670,690,649,1
942,423,360,259,623,436,658,673,690,650,1
942,425,361,261,625,437,660,671,689,649,1
941,426,361,260,626,437,660,671,690,649,1
943,431,360,259,626,438,660,676,693,654,1
940,424,359,257,616,437,658,678,688,653,1
937,412,359,254,606,434,654,677,684,652,1
938,390,342,273,601,426,656,677,695,676,1
928,390,339,272,601,428,658,675,688,675,1
925,395,366,256,604,438,649,677,670,649,1
924,392,368,256,606,439,650,678,668,649,1
922,381,371,252,605,441,653,685,670,653,1
922,377,376,251,605,441,647,684,668,651,1
924,378,372,251,603,437,643,679,667,650,1
926,368,378,248,607,437,644,678,664,647,1
927,360,379,244,608,435,647,676,666,643,1
915,350,343,259,585,417,621,638,657,652,1
910,345,342,257,583,416,620,637,655,652,1
909,344,342,257,583,416,619,638,655,652,1
911,344,340,261,586,415,623,632,657,646,1
910,347,342,261,588,416,626,633,659,646,1
908,348,340,262,585,417,623,634,656,648,1
920,364,368,246,600,430,644,669,660,640,1
921,362,371,244,599,428,638,663,654,634,1
923,363,371,247,612,429,640,657,658,632,1
924,356,379,247,620,431,638,658,666,631,1
906,357,378,251,611,434,643,663,662,640,1
907,366,375,251,604,434,639,664,657,640,1
905,373,379,253,606,434,642,658,656,634,1
900,354,381,254,604,437,638,662,649,639,1
887,323,390,245,598,429,628,682,655,650,1
882,324,384,243,593,426,627,678,656,651,1
883,323,393,243,596,427,630,682,657,649,1
888,320,394,243,598,426,629,684,658,649,1
887,324,390,243,594,426,627,683,657,648,1
885,351,372,248,592,433,630,668,652,644,1
890,367,362,250,575,408,618,653,650,643,1
882,356,371,245,589,430,631,666,653,641,1
884,357,371,244,590,430,632,668,655,642,1
884,331,387,238,587,420,626,677,658,644,1
888,332,392,241,592,422,625,678,657,644,1
891,335,395,242,592,423,629,679,657,645,1
889,336,395,241,593,423,632,681,659,645,1
889,338,396,239,594,422,632,681,661,644,1
888,338,398,239,595,421,632,679,664,643,1
886,333,401,240,600,421,632,679,667,641,1
887,333,399,241,602,425,634,683,670,644,1
886,337,395,238,598,425,637,685,668,646,1
889,340,394,240,595,427,637,687,665,649,1
890,340,393,238,594,427,633,691,670,650,1
891,341,394,239,595,427,632,689,667,649,1
890,341,395,239,593,427,632,689,666,649,1
893,344,392,240,593,428,633,691,666,651,1
893,349,393,240,589,428,631,691,664,651,1
890,350,395,242,593,429,632,690,668,650,1
894,351,395,243,591,430,635,691,668,651,1
897,348,396,237,590,424,635,689,669,648,1
894,347,398,236,591,422,635,688,668,646,1
894,345,399,236,590,421,635,687,673,644,1
895,344,399,236,590,420,635,687,671,644,1
897,339,403,234,593,420,636,688,673,642,1
903,352,403,234,598,418,635,684,675,639,1
900,344,404,233,596,416,635,684,676,638,1
902,346,402,232,598,414,636,683,679,637,1
905,346,403,234,604,418,639,686,674,638,1
904,346,403,235,606,418,641,686,677,639,1
902,346,402,234,603,417,643,686,678,638,1
902,345,402,233,601,415,641,684,675,637,1
905,373,356,261,595,415,624,632,668,648,1
907,376,357,262,601,414,626,629,671,645,1
912,378,364,263,607,413,628,628,676,646,1
913,380,362,264,607,413,628,628,676,645,1
911,380,363,266,606,413,626,629,677,646,1
918,386,366,266,614,414,629,628,681,646,1
917,385,366,264,612,413,630,627,679,642,1
923,384,374,265,610,413,630,627,677,644,1
926,382,378,266,613,414,633,630,679,646,1
928,381,378,266,615,414,637,629,681,644,1
929,382,378,265,615,416,641,629,681,644,1
932,383,388,269,616,414,644,626,685,642,1
936,384,393,274,618,414,645,628,688,644,1
936,384,391,272,620,413,644,632,691,647,1
934,383,398,265,629,414,674,652,704,651,1
935,387,399,263,628,413,678,649,702,648,1
937,385,398,263,631,412,678,651,706,650,1
938,389,401,263,630,413,678,654,706,653,1
935,388,401,262,629,413,677,653,705,651,1
938,391,403,264,633,414,678,653,707,652,1
942,393,406,263,634,415,682,653,706,652,1
942,394,408,263,634,415,683,654,705,652,1
942,393,410,263,634,415,680,655,706,653,1
943,395,412,262,639,414,683,652,710,650,1
942,394,414,262,640,413,682,655,715,653,1
940,392,413,260,638,412,682,655,714,654,1
936,391,413,262,636,413,680,655,712,653,1
938,392,412,261,637,413,680,657,712,654,1
936,388,413,261,637,411,678,654,712,652,1
939,390,413,261,638,413,679,654,712,652,1
938,388,412,261,636,412,678,653,709,651,1
938,389,409,261,634,412,678,653,709,651,1
932,388,406,261,632,412,679,652,706,649,1
930,382,402,259,631,410,677,652,705,650,1
931,381,402,259,631,409,674,652,708,651,1
932,383,404,261,635,410,674,651,710,650,1
932,392,396,267,624,414,646,633,693,648,1
932,390,392,265,615,414,644,637,689,651,1
927,390,385,267,615,414,640,637,689,654,1
916,387,384,269,613,414,638,629,685,647,1
914,384,383,269,611,412,633,630,685,650,1
902,359,412,236,609,412,645,680,701,638,1
902,360,411,237,617,416,648,683,697,642,1
900,356,406,239,611,426,649,698,688,653,1
896,358,405,239,608,423,643,690,681,650,1
896,358,402,239,604,425,641,694,680,652,1
892,363,398,243,599,428,649,696,681,655,1
893,366,396,244,605,433,656,706,693,664,1
886,368,397,244,604,437,653,708,682,666,1
890,393,394,255,598,444,646,698,659,665,1
889,391,396,253,595,447,642,704,652,669,1
896,402,405,262,597,456,642,703,646,667,1
902,406,415,267,601,461,643,703,644,665,1
900,408,413,272,604,469,649,711,651,673,1
911,427,417,278,605,474,656,712,640,673,1
913,466,413,294,599,466,653,671,641,643,1
911,470,401,303,597,472,655,677,638,649,1
912,472,395,303,598,473,657,675,636,647,1
915,478,393,308,592,476,655,675,631,647,1
919,481,398,302,599,475,659,674,635,643,1
922,485,411,300,609,474,659,670,643,639,1
921,483,406,294,613,467,660,670,652,636,1
924,465,369,309,614,460,659,655,672,668,1
928,456,369,300,618,451,664,654,677,664,1
933,451,375,292,620,443,661,657,681,666,1
941,449,378,291,626,435,658,656,684,665,1
946,435,384,278,633,427,668,654,690,658,1
944,423,378,265,642,418,681,647,694,644,1
938,410,349,264,621,419,639,624,678,637,1
941,433,369,239,614,408,650,651,665,626,1
934,411,357,240,598,403,637,647,653,627,1
914,401,345,248,587,409,631,651,646,634,1
915,392,343,248,575,408,620,654,642,640,1
913,398,339,245,580,412,626,657,643,641,1
910,393,330,251,582,414,629,651,641,636,1
912,395,330,251,574,415,617,655,635,644,1
905,383,311,256,568,415,613,654,633,645,1
893,394,300,280,558,426,608,649,614,643,1
889,403,291,276,554,430,596,661,611,658,1
889,408,293,268,562,429,600,658,618,659,1
887,411,290,265,562,430,604,662,617,661,1
887,413,286,267,560,433,604,663,615,662,1
883,404,284,270,557,426,596,659,617,660,1
871,401,268,259,540,423,551,636,598,651,1
881,405,291,229,528,400,564,648,583,628,1
873,383,271,247,540,407,554,637,609,652,1
885,371,276,239,564,408,607,659,632,653,1
889,373,281,240,556,408,603,665,633,657,1
900,359,293,235,565,408,614,671,642,657,1
915,368,311,226,584,400,627,664,659,647,1
925,363,313,211,586,385,617,640,644,621,1
929,362,314,208,593,382,621,647,655,626,1
913,337,308,229,612,382,609,629,674,634,1
931,366,321,203,594,382,630,656,662,631,1
928,366,315,206,597,386,621,648,658,627,1
892,347,264,231,557,387,583,634,616,626,1
904,338,289,212,566,390,610,668,645,648,1
913,352,274,213,566,390,614,658,632,637,1
920,358,297,209,579,388,615,655,644,633,1
920,350,295,211,575,382,610,647,635,627,1
893,331,272,214,549,370,580,620,610,614,1
900,332,296,198,578,383,612,653,644,638,1
905,335,303,197,579,384,612,654,643,637,1
914,333,312,195,579,373,610,639,641,621,1
917,336,316,197,590,373,625,633,639,609,1
908,317,309,197,581,372,617,630,628,607,1
881,297,275,204,540,356,583,618,606,615,1
873,321,282,182,533,358,572,626,585,600,1
875,325,284,179,534,356,574,628,596,602,1
890,330,301,182,543,359,576,626,603,599,1
893,304,292,200,565,379,608,638,615,618,1
888,342,299,193,542,377,579,627,586,599,1
868,334,276,196,528,377,567,631,574,607,1
855,326,268,195,522,379,564,636,569,610,1
866,338,278,205,523,384,560,636,570,614,1
863,347,271,214,512,388,557,644,570,623,1
856,347,257,225,500,391,549,648,566,626,1
841,348,242,227,494,401,546,664,570,648,1
838,352,240,234,496,407,548,671,572,653,1
854,358,255,231,513,399,557,653,576,632,1
844,335,265,243,512,398,541,634,593,646,1
840,334,263,242,515,399,544,634,594,645,1
832,333,256,245,519,399,539,632,596,645,1
871,363,245,251,507,392,531,619,564,617,1
900,359,231,288,507,401,554,591,567,592,1
924,433,314,291,648,419,624,569,667,580,1
971,355,362,305,623,416,645,609,683,616,1
998,372,401,271,662,426,691,631,726,646,1
1021,394,407,269,671,437,695,648,731,663,1
1030,396,407,273,678,436,699,645,734,656,1
1022,382,420,265,696,423,749,662,758,648,1
1015,385,418,281,681,427,733,664,745,653,1
986,374,361,283,628,418,668,618,679,615,1
968,365,387,250,640,412,700,646,689,626,1
967,362,378,244,635,411,698,650,689,630,1
972,368,383,245,643,410,695,651,696,634,1
977,373,386,247,644,412,692,650,695,634,1
968,370,376,253,630,413,686,654,691,638,1
970,375,376,267,628,422,671,672,705,662,1
964,378,362,269,629,423,674,666,700,657,1
972,388,375,281,633,430,670,664,697,660,1
957,388,364,312,608,445,659,653,662,653,1
970,447,364,312,521,439,566,653,563,646,1
889,401,234,310,526,458,580,664,581,659,1
885,406,280,291,543,444,597,666,603,672,1
887,390,280,285,548,441,614,660,600,654,1
896,388,292,287,552,437,616,652,606,643,1
899,395,308,298,557,444,616,654,609,648,1
898,398,308,289,561,443,619,662,618,661,1
890,404,295,295,562,444,617,657,614,656,1
881,402,283,287,561,440,617,657,612,655,1
895,393,296,285,559,437,615,664,620,660,1
877,385,311,299,584,458,636,663,651,671,1
900,397,304,292,559,444,618,665,619,660,1
893,400,290,294,557,447,616,663,614,663,1
881,407,281,297,553,450,611,661,608,663,1
882,409,279,298,553,449,611,658,608,659,1
893,411,292,297,564,450,617,660,614,661,1
871,390,292,311,584,469,616,657,641,674,1
892,410,292,295,558,452,612,667,618,669,1
880,417,264,304,545,460,600,663,598,667,1
869,419,250,308,540,463,581,662,591,671,1
853,426,254,319,534,474,573,667,584,678,1
839,434,235,318,519,480,558,667,578,684,1
832,433,239,319,512,488,566,670,571,685,1
828,439,234,324,510,495,567,664,568,681,1
826,437,232,326,507,496,563,664,566,683,1
831,445,235,326,506,500,571,666,565,683,1
834,447,235,327,513,502,576,666,567,682,1
841,457,240,321,522,503,583,670,574,686,1
850,453,241,322,526,501,578,672,578,689,1
846,453,242,318,520,501,580,674,577,691,1
839,450,239,321,519,500,577,671,575,688,1
837,452,238,325,517,502,576,669,572,687,1
838,450,237,325,519,502,575,670,572,686,1
841,451,238,324,518,501,572,672,572,689,1
847,445,231,325,525,497,570,670,574,686,1
854,439,234,324,528,496,576,671,577,688,1
854,429,233,317,523,486,571,672,577,684,1
858,426,244,312,534,479,573,674,587,689,1
859,422,244,307,531,475,574,677,589,690,1
858,419,250,307,533,474,577,673,590,687,1
864,432,263,310,546,477,588,672,596,687,1
870,435,269,305,548,472,590,673,601,687,1
870,429,273,303,551,469,593,671,604,684,1
881,410,299,297,573,479,631,684,610,670,1
887,422,303,300,576,485,640,686,612,668,1
878,433,271,310,554,474,602,669,603,679,1
885,419,307,301,571,481,633,684,609,668,1
880,435,267,317,549,477,595,670,596,679,1
881,439,274,314,556,475,602,669,602,679,1
881,432,295,303,562,489,638,689,601,670,1
876,438,271,314,544,479,600,672,593,682,1
877,442,265,315,546,479,597,672,593,683,1
882,450,269,319,549,481,596,671,593,682,1
887,438,298,309,564,486,633,686,602,669,1
889,448,267,315,548,476,594,673,596,681,1
895,450,284,315,555,479,603,677,604,684,1
895,439,311,310,568,486,636,689,612,671,1
896,440,310,307,569,488,640,690,614,671,1
897,440,308,308,569,489,640,690,613,672,1
893,452,285,314,554,480,603,679,605,686,1
890,452,275,312,552,478,604,673,601,681,1
897,440,313,309,570,488,643,687,611,668,1
865,425,290,328,567,492,617,663,625,687,1
891,451,280,311,554,475,605,670,604,678,1
885,439,306,306,566,486,637,685,606,669,1
886,443,307,304,568,486,642,684,606,664,1
891,451,275,311,559,473,607,668,605,677,1
886,454,271,310,559,475,610,666,602,674,1
888,452,275,308,560,472,611,667,606,674,1
891,448,274,309,558,469,608,665,607,674,1
893,450,274,311,556,471,604,666,606,676,1
894,445,302,303,574,482,641,682,615,665,1
895,459,279,310,564,472,608,669,612,677,1
898,448,291,307,569,470,617,672,619,678,1
866,430,290,323,578,485,614,661,634,685,1
895,443,284,303,563,462,610,665,616,674,1
890,443,283,306,563,464,611,662,612,671,1
892,441,272,305,558,467,611,666,606,671,1
888,435,274,302,556,460,607,663,609,670,1
891,438,280,297,558,454,606,662,613,668,1
894,433,285,297,560,453,611,663,618,667,1
898,430,295,298,559,454,616,662,619,666,1
870,404,295,310,573,471,619,658,637,674,1
871,406,305,307,571,472,625,669,641,682,1
875,406,301,310,577,473,630,664,642,677,1
883,408,301,310,577,470,631,658,643,671,1
884,408,304,308,578,468,630,659,645,672,1
884,412,307,307,577,469,632,661,645,674,1
884,411,306,306,578,470,633,663,645,675,1
886,409,310,305,581,465,631,663,650,675,1
889,411,307,301,588,460,632,664,655,676,1
887,407,306,301,586,457,631,662,654,672,1
886,406,312,303,585,458,632,665,655,673,1
891,404,311,294,587,450,633,666,658,675,1
894,409,310,290,594,447,638,664,663,672,1
798,271,419,327,641,418,579,632,674,644,1
803,271,401,330,625,424,569,627,663,639,1
802,274,434,344,634,428,570,634,673,647,1
728,325,436,380,598,480,570,664,620,682,1
734,301,365,359,583,454,541,664,627,674,1
783,312,342,379,575,466,513,684,620,695,1
758,317,364,361,578,469,531,662,598,664,1
763,285,383,358,587,448,523,647,623,668,1
805,240,362,307,588,446,571,650,604,642,1
756,269,441,333,626,409,559,612,662,626,1
775,286,452,326,657,410,587,620,691,637,1
824,255,434,317,660,407,593,629,702,644,1
843,267,465,265,665,407,630,613,668,610,1
843,385,480,323,709,422,660,589,729,603,1
858,352,503,312,725,406,676,577,725,581,1
858,352,684,282,727,405,701,583,735,594,1
896,403,568,285,772,394,731,581,759,570,1
969,233,513,276,749,384,713,593,773,592,1
968,220,498,273,744,383,703,595,771,597,1
937,249,495,286,740,373,671,586,776,598,1
919,247,477,286,721,394,682,599,743,609,1
934,253,455,287,713,389,664,596,755,608,1
958,248,413,294,704,408,674,600,728,605,1
948,257,437,291,715,402,675,602,740,607,1
950,252,431,296,711,407,677,607,741,611,1
950,245,434,292,705,405,675,608,738,612,1
948,248,449,291,717,398,670,599,739,606,1
940,230,459,283,709,389,660,602,738,610,1
922,246,453,302,702,391,653,606,739,608,1
918,213,417,275,676,393,657,592,714,595,1
920,210,432,273,688,391,659,585,714,587,1
918,241,441,304,702,402,662,594,725,600,1
925,219,488,286,713,380,663,601,768,612,1
932,222,461,284,706,381,660,603,766,614,1
938,218,455,275,698,379,663,612,769,619,1
953,222,475,288,718,385,666,605,763,617,1
960,228,487,285,736,388,681,632,797,635,1
946,235,490,292,733,389,681,639,804,643,1
843,358,529,326,752,415,672,603,748,609,1
832,478,483,317,722,427,670,599,743,616,1
753,450,491,321,682,435,668,626,690,633,1
824,291,359,316,629,416,585,636,653,644,1
790,290,348,310,603,413,550,629,631,643,1
783,267,348,326,580,401,507,617,600,629,1
796,225,310,290,574,393,519,621,623,633,1
789,219,307,283,567,386,515,620,623,626,1
793,213,310,275,564,379,511,614,618,620,1
791,285,301,289,590,389,534,606,632,615,1
798,244,306,288,577,392,540,620,634,623,1
814,240,318,284,574,393,543,627,637,634,1
784,319,353,323,612,416,564,641,640,656,1
836,266,351,317,614,417,562,632,638,645,1
829,310,393,328,639,414,569,607,661,629,1
826,366,408,328,668,421,601,592,671,607,1
843,306,407,324,665,412,601,624,707,636,1
878,301,383,320,630,430,609,642,688,641,1
881,319,371,327,632,444,618,660,697,660,1
899,325,373,329,641,442,622,662,701,660,1
894,326,386,323,647,439,630,656,703,656,1
898,331,347,318,632,438,617,653,691,649,1
891,305,330,295,610,440,626,649,668,651,1
857,295,354,314,606,422,597,653,655,653,1
871,292,334,290,600,438,614,646,641,642,1
875,307,330,294,601,436,611,641,636,636,1
857,311,295,315,584,429,572,650,636,645,1
855,287,356,258,545,414,588,647,612,624,1
849,277,359,255,546,413,585,653,621,631,1
842,316,284,313,577,437,563,658,630,653,1
834,310,296,308,571,438,566,674,641,668,1
832,306,276,313,565,441,562,673,636,663,1
836,313,278,287,509,419,559,663,572,653,1
828,294,343,241,546,399,560,631,588,623,1
816,360,361,233,575,395,563,621,606,623,1
827,298,352,242,563,404,564,629,599,624,1
847,298,282,300,587,424,567,643,610,641,1
863,305,266,298,580,416,559,639,622,635,1
867,332,291,293,598,410,574,629,630,627,1
847,336,303,299,611,409,569,620,652,632,1
864,334,304,300,623,410,573,615,651,627,1
862,347,303,301,623,413,572,615,650,630,1
886,339,277,298,604,414,575,637,638,631,1
877,337,291,296,610,417,579,637,633,632,1
857,320,310,292,610,409,567,630,650,642,1
883,341,274,305,612,423,577,640,638,635,1
861,334,290,302,603,414,568,628,647,640,1
863,305,275,303,589,414,554,624,637,636,1
861,310,278,304,597,412,553,617,638,632,1
865,321,290,301,611,410,557,614,642,629,1
865,305,306,301,607,408,560,622,645,635,1
870,341,315,312,620,423,571,614,643,635,1
864,355,326,322,626,431,575,605,640,630,1
871,338,308,327,615,433,569,608,638,634,1
857,386,329,320,627,429,570,599,647,629,1
881,307,281,303,585,441,593,641,634,638,1
869,291,318,269,565,423,580,643,630,634,1
867,309,298,301,593,434,592,640,647,638,1
866,306,295,306,592,442,596,641,638,638,1
853,291,329,264,555,425,584,647,614,629,1
856,286,318,263,552,424,578,647,614,631,1
851,297,325,258,555,419,576,646,612,629,1
838,296,329,252,551,413,571,647,611,630,1
837,292,318,253,546,414,568,649,608,631,1
846,326,311,258,558,415,569,642,613,630,1
852,295,306,260,548,418,568,648,608,633,1
841,284,307,255,536,419,568,654,596,634,1
852,348,291,337,573,436,529,620,598,639,1
849,299,256,297,543,450,554,655,601,646,1
836,303,267,308,552,424,526,662,626,656,1
838,300,268,306,551,424,527,663,629,657,1
405,467,262,342,307,477,352,726,318,729,1
407,468,260,342,306,478,350,729,318,732,1
405,467,259,342,306,478,348,728,318,731,1
403,465,259,342,304,481,348,732,316,735,1
386,471,225,339,258,488,307,767,276,757,1
389,474,222,337,261,484,309,761,279,750,1
406,470,258,346,304,482,345,733,316,732,1
411,471,253,346,302,483,344,733,317,733,1
409,468,257,347,301,485,349,731,316,734,1
389,469,222,343,249,494,308,769,271,759,1
389,472,221,345,253,491,308,763,275,753,1
388,470,223,347,250,492,310,762,271,752,1
385,470,221,349,248,496,310,762,270,754,1
384,471,222,350,248,498,312,764,267,757,1
382,472,226,352,248,499,314,763,265,757,1
381,475,227,354,247,501,315,763,264,757,1
382,475,227,354,250,501,318,763,264,757,1
381,474,229,354,246,503,318,766,260,761,1
381,476,227,356,245,505,317,767,259,762,1
381,475,229,356,247,503,320,764,260,758,1
381,477,229,356,248,499,320,756,260,751,1
382,479,227,356,250,497,320,753,264,746,1
381,477,226,356,246,500,318,759,260,753,1
383,478,224,355,253,498,320,757,268,750,1
382,478,223,357,254,498,320,757,269,750,1
386,478,222,354,258,492,321,752,274,742,1
409,473,259,353,307,485,361,722,320,725,1
386,480,224,353,261,490,323,751,278,740,1
412,476,254,350,309,486,358,729,323,733,1
387,481,222,350,261,492,321,759,276,748,1
388,483,222,351,260,498,320,770,276,758,1
390,482,218,347,261,496,318,772,279,758,1
393,481,218,349,257,498,318,774,280,758,1
394,483,214,349,253,499,313,774,277,759,1
390,481,214,352,251,503,311,779,271,766,1
388,485,216,356,249,512,312,787,269,775,1
390,487,212,356,250,512,308,788,272,776,1
388,490,214,359,249,514,306,786,271,777,1
389,491,215,361,249,514,307,785,272,775,1
389,493,211,360,249,513,302,783,272,774,1
393,523,205,360,257,521,275,787,252,767,1
397,524,204,360,256,520,277,787,251,766,1
386,501,209,366,253,519,298,785,274,776,1
384,524,205,366,262,527,278,789,250,772,1
385,503,212,368,257,521,303,784,274,776,1
382,501,211,367,253,522,301,786,270,779,1
387,505,210,367,258,524,304,791,274,781,1
385,497,211,372,247,531,303,801,266,791,1
387,494,214,374,239,529,308,794,256,784,1
387,496,212,374,242,528,304,792,260,783,1
389,501,208,373,244,530,304,798,263,786,1
391,506,206,375,250,533,303,803,270,790,1
398,533,198,377,252,542,279,814,248,790,1
398,533,196,376,255,539,284,808,249,782,1
391,501,202,371,250,531,302,805,272,791,1
389,501,203,373,255,527,306,797,276,784,1
393,502,201,371,262,525,311,795,284,780,1
400,534,198,374,267,530,290,799,258,771,1
398,530,197,374,265,526,289,790,255,763,1
379,491,201,366,249,515,297,772,270,765,1
380,492,202,370,248,518,297,775,268,766,1
386,499,200,370,250,515,295,774,274,762,1
383,501,201,369,248,512,292,765,272,756,1
381,499,204,370,245,511,292,762,269,753,1
390,508,208,371,243,513,295,771,269,758,1
389,507,210,372,242,510,295,765,267,752,1
396,513,208,369,251,502,302,755,276,739,1
396,518,207,369,255,498,301,746,280,733,1
388,509,204,366,231,502,286,747,258,740,1
394,515,202,366,232,503,287,749,260,740,1
394,522,202,374,224,508,273,751,255,744,1
397,528,201,375,232,507,282,749,261,739,1
397,528,199,374,234,508,282,748,263,738,1
397,530,201,376,234,510,282,751,263,742,1
396,526,203,376,233,510,284,751,261,743,1
394,527,205,378,232,513,284,754,259,748,1
391,527,206,378,229,515,282,756,255,751,1
404,560,161,369,205,520,231,785,195,758,1
391,525,201,378,219,521,269,768,250,764,1
390,528,203,382,221,525,270,773,250,769,1
388,519,202,377,219,518,270,758,247,754,1
394,523,199,374,223,513,274,754,250,747,1
401,526,195,368,229,505,279,745,255,734,1
412,573,159,358,243,501,254,756,228,715,1
412,547,181,362,247,501,286,743,272,729,1
409,545,182,365,250,513,288,762,271,746,1
407,545,177,361,251,519,288,774,272,761,1
416,589,172,370,275,535,290,817,268,779,1
413,600,177,374,283,542,294,827,272,790,1
407,564,173,368,271,514,290,759,290,749,1
401,556,174,368,265,516,287,761,280,752,1
405,596,175,374,290,541,297,819,272,787,1
404,603,181,375,304,548,308,838,279,801,1
405,599,182,375,302,543,304,827,280,792,1
401,597,183,375,303,541,304,825,278,791,1
399,597,187,376,305,548,304,836,279,802,1
401,597,185,376,305,542,301,824,281,790,1
402,601,188,377,311,543,301,824,287,790,1
396,603,196,378,320,550,308,838,289,803,1
391,602,199,377,326,552,310,843,291,809,1
390,603,201,377,332,551,314,840,295,805,1
396,604,199,377,328,548,313,835,294,798,1
393,604,201,377,330,552,313,843,295,806,1
395,604,199,375,332,551,316,842,296,805,1
399,603,193,373,326,547,310,834,297,798,1
401,605,188,369,322,547,313,839,294,803,1
402,608,187,368,324,549,316,841,295,803,1
400,608,187,370,321,549,309,838,292,801,1
401,608,187,371,319,546,309,835,291,798,1
403,606,185,371,313,545,306,831,285,794,1
401,604,183,370,310,542,303,826,281,790,1
403,606,180,366,305,541,303,826,280,790,1
400,601,179,364,293,540,296,824,270,790,1
402,598,178,369,289,535,292,812,268,779,1
394,582,182,373,266,536,286,813,253,783,1
386,574,183,375,253,535,278,808,244,782,1
382,573,186,375,258,538,281,816,247,789,1
378,565,186,375,256,538,280,815,243,789,1
374,559,189,379,248,538,280,811,238,786,1
369,559,192,383,245,544,276,818,234,794,1
361,546,190,386,226,539,264,805,223,787,1
361,550,191,387,230,541,265,807,225,788,1
361,552,194,390,232,544,266,812,226,792,1
360,556,195,389,239,543,269,811,229,790,1
358,554,193,389,232,544,264,812,225,793,1
360,554,194,389,234,546,266,815,226,795,1
361,555,194,390,237,544,268,813,229,791,1
361,555,195,391,237,543,270,810,228,789,1
359,552,192,389,232,538,266,803,225,785,1
359,553,193,389,235,538,266,801,228,782,1
363,558,193,389,240,538,269,803,233,781,1
365,559,194,391,240,538,270,802,233,780,1
362,555,193,389,234,537,266,800,228,781,1
362,558,194,391,236,536,270,795,229,775,1
362,555,192,390,230,531,266,789,226,772,1
366,560,192,390,238,532,273,790,232,768,1
366,561,192,392,236,538,271,797,230,775,1
364,559,191,392,234,539,269,796,228,776,1
362,557,191,393,228,538,268,795,222,776,1
364,560,190,393,233,540,270,796,227,776,1
365,559,188,392,234,538,268,794,229,773,1
364,559,188,394,232,537,266,790,229,770,1
365,561,188,397,235,537,265,790,231,770,1
369,564,184,396,241,537,266,791,237,770,1
368,564,187,399,240,541,268,798,235,777,1
373,568,187,400,248,539,269,797,242,773,1
374,573,190,402,255,547,274,809,246,784,1
374,572,191,400,255,542,277,802,245,776,1
374,572,191,401,254,542,276,802,244,777,1
375,572,191,400,254,536,279,791,244,765,1
376,572,193,401,256,541,281,800,244,773,1
378,574,192,401,252,542,278,802,243,776,1
379,576,193,403,256,544,279,804,246,777,1
382,580,194,403,259,544,278,806,251,778,1
382,580,194,402,260,544,279,807,251,779,1
385,585,192,404,258,550,275,815,254,787,1
364,569,194,377,258,581,262,888,247,881,1
366,572,193,378,260,580,261,882,249,876,1
392,587,183,398,264,532,277,782,261,756,1
395,588,182,399,256,532,269,783,258,758,1
388,555,183,388,247,528,278,756,272,760,1
384,553,185,390,243,534,273,765,269,771,1
385,554,190,389,244,532,276,762,268,767,1
379,551,187,387,249,537,281,771,269,777,1
377,547,184,386,244,536,274,768,265,776,1
378,549,187,387,249,533,280,763,267,768,1
374,546,186,387,242,530,272,756,262,764,1
371,546,187,389,240,531,268,753,262,763,1
372,548,188,390,243,531,272,754,264,763,1
368,548,192,390,243,529,270,747,264,757,1
369,550,190,391,238,529,262,748,263,760,1
371,577,208,377,257,587,269,899,242,887,1
398,594,201,408,257,548,280,811,255,783,1
397,591,201,409,260,548,286,809,255,780,1
385,556,205,400,254,548,298,785,270,785,1
387,558,209,404,258,553,297,793,276,791,1
374,572,213,384,259,581,273,883,241,870,1
373,571,214,383,255,583,269,888,237,876,1
374,572,211,378,263,579,274,879,243,869,1
397,562,205,401,266,536,300,772,285,768,1
420,547,216,395,300,531,314,728,320,735,1
422,547,217,394,299,523,310,719,319,723,1
419,545,219,395,298,521,306,714,320,719,1
376,567,207,370,268,572,271,871,254,868,1
379,576,203,393,264,558,284,825,258,808,1
383,572,202,391,251,560,278,826,246,811,1
383,570,198,385,245,577,273,865,243,853,1
407,586,205,384,265,563,294,849,258,821,1
406,585,197,382,268,548,297,816,257,789,1
415,594,199,386,273,544,296,809,264,776,1
411,588,202,388,275,536,296,790,265,762,1
398,585,205,395,265,548,289,805,257,782,1
394,589,202,396,263,559,294,818,252,793,1
398,594,200,393,272,556,302,815,256,785,1
393,588,194,388,269,557,298,817,256,794,1
393,588,193,390,264,562,294,824,252,803,1
390,583,196,388,267,556,294,817,254,796,1
393,586,196,385,279,550,299,809,263,788,1
395,586,192,384,282,545,298,799,268,777,1
400,588,194,386,278,549,301,808,264,782,1
407,593,201,391,275,551,303,810,261,781,1
411,593,201,395,273,551,302,810,257,781,1
394,569,211,375,273,572,286,869,245,851,1
417,593,200,395,274,542,296,796,265,766,1
414,593,190,390,268,546,294,800,259,773,1
422,594,195,389,278,534,297,784,273,752,1
409,580,208,361,292,541,292,824,275,808,1
435,599,174,374,279,490,290,708,293,681,1
413,580,200,359,277,541,291,826,263,806,1
450,598,183,368,287,504,307,748,279,709,1
450,598,142,327,266,488,226,717,209,741,1
449,550,125,318,257,423,261,638,311,620,1
443,528,134,324,240,428,256,638,264,615,1
455,521,140,302,255,409,262,627,300,600,1
424,497,130,281,255,396,248,614,293,606,1
409,478,137,268,254,378,248,596,303,596,1
439,490,117,256,243,363,242,578,293,569,1
419,459,118,241,221,353,236,568,260,560,1
426,459,137,226,244,339,250,562,271,546,1
437,454,150,222,245,334,263,570,278,542,1
435,453,145,217,251,339,261,576,275,548,1
435,449,138,218,246,331,250,560,289,549,1
451,582,147,371,227,477,241,702,244,687,1
457,586,148,369,235,473,248,701,263,685,1
456,585,135,351,238,467,238,698,270,693,1
456,571,135,342,241,468,243,705,271,687,1
465,574,137,354,253,459,245,684,295,685,1
470,570,153,340,263,442,248,671,313,680,1
452,572,177,288,271,434,257,683,304,675,1
467,538,150,318,271,440,254,671,307,660,1
515,595,142,331,266,452,270,676,340,698,1
511,577,138,327,277,433,270,671,352,667,1
522,587,127,329,281,434,274,671,356,671,1
538,585,126,321,292,433,292,675,381,671,1
537,577,131,324,295,434,289,673,364,671,1
539,574,149,328,307,434,309,682,384,674,1
545,578,153,324,307,433,310,678,376,673,1
532,550,171,306,326,434,328,680,424,665,1
535,551,174,309,333,438,328,680,425,669,1
541,560,161,303,329,438,329,677,422,670,1
572,606,149,290,326,441,321,696,428,685,1
566,580,164,288,339,437,340,699,436,680,1
554,569,184,295,334,441,339,691,414,678,1
568,577,186,302,343,444,347,693,430,680,1
560,581,179,300,357,442,347,690,439,686,1
581,587,180,307,369,442,362,693,459,682,1
587,582,183,306,368,446,367,697,459,689,1
595,590,176,313,374,449,374,698,470,690,1
589,588,199,327,384,455,373,701,474,698,1
595,588,203,328,380,455,376,701,468,695,1
594,583,210,329,381,455,380,700,465,694,1
586,578,212,331,375,453,375,695,458,693,1
584,578,214,334,377,455,372,695,455,696,1
586,576,210,330,379,456,370,696,461,698,1
586,573,217,335,375,455,376,697,464,694,1
592,576,215,328,381,458,379,702,453,697,1
600,585,200,316,385,458,375,704,463,700,1
606,588,201,317,385,456,381,704,477,697,1
608,579,206,320,387,456,382,703,484,694,1
602,579,213,322,389,457,385,699,487,693,1
597,577,205,317,394,455,382,697,487,693,1
602,570,205,314,393,453,381,695,487,692,1
587,556,213,321,395,450,380,690,491,694,1
593,552,208,319,395,450,384,692,493,691,1
578,548,207,319,402,450,381,686,490,694,1
574,550,206,316,402,449,385,687,492,694,1
569,545,210,314,401,447,388,689,495,694,1
581,540,207,313,402,448,380,684,487,693,1
585,545,209,308,402,445,386,683,489,691,1
590,546,204,307,407,442,381,679,488,693,1
599,547,198,305,406,442,381,681,489,692,1
602,542,201,303,401,441,378,680,482,690,1
602,539,201,303,398,442,377,678,481,688,1
600,537,204,303,398,441,372,673,474,688,1
601,537,204,302,396,440,371,673,473,687,1
593,530,205,305,399,440,365,668,467,689,1
595,528,207,306,396,440,368,672,472,688,1
598,530,199,303,394,439,366,672,472,687,1
597,530,208,310,398,443,364,672,470,688,1
599,527,207,309,396,444,365,675,469,689,1
604,531,207,309,392,443,366,678,473,688,1
603,533,208,313,393,446,367,681,475,689,1
605,537,208,314,393,447,369,682,477,688,1
601,535,208,317,395,447,371,683,482,690,1
594,535,214,321,401,449,372,682,481,692,1
600,530,213,317,388,447,375,685,482,687,1
593,529,217,319,389,447,379,687,486,685,1
595,532,214,317,389,448,379,689,485,686,1
601,536,215,320,385,451,377,691,482,686,1
608,535,212,319,387,452,373,693,480,690,1
606,555,209,325,408,458,367,691,478,700,1
608,538,210,322,401,456,362,694,472,699,1
614,542,214,326,404,458,360,693,470,699,1
610,542,204,324,404,457,355,689,466,701,1
607,547,214,321,407,458,351,690,462,706,1
614,557,201,322,408,462,357,698,472,706,1
618,562,204,325,406,463,369,701,480,703,1
617,564,212,326,410,464,368,701,478,706,1
621,566,208,330,410,465,364,704,481,712,1
616,554,215,333,407,467,356,702,468,711,1
621,562,215,335,410,469,361,707,478,715,1
617,566,218,338,410,473,361,708,476,714,1
610,569,227,340,410,475,373,712,480,710,1
614,570,217,344,409,474,367,713,484,719,1
614,564,219,346,402,475,368,715,482,717,1
618,558,212,339,391,475,363,718,471,718,1
618,560,214,342,393,478,360,717,469,718,1
618,560,218,345,393,480,360,720,469,719,1
616,560,215,348,395,479,360,723,478,725,1
610,560,211,350,397,480,359,722,480,728,1
614,563,210,354,396,481,359,724,482,729,1
612,565,212,360,398,484,361,726,484,733,1
609,567,212,362,400,486,361,725,483,734,1
610,569,210,361,402,485,362,725,485,734,1
615,571,209,359,400,485,363,726,485,733,1
609,569,212,361,403,486,360,725,483,735,1
608,573,216,362,403,487,363,726,484,734,1
618,576,217,360,398,488,364,729,481,731,1
578,538,220,343,392,481,382,727,486,729,1
619,577,212,368,399,490,358,730,479,737,1
619,575,213,372,397,493,359,732,479,738,1
576,534,222,351,390,482,380,729,487,732,1
608,580,221,377,396,495,358,726,475,734,1
612,566,226,378,384,498,357,735,464,735,1
611,579,224,379,389,502,357,733,459,735,1
613,598,214,378,394,505,350,733,460,740,1
572,562,221,357,401,497,366,728,470,745,1
576,555,221,357,393,495,370,731,475,744,1
584,564,220,354,387,491,369,727,473,741,1
587,565,214,352,381,491,370,731,471,742,1
581,568,215,357,380,491,379,737,487,743,1
576,565,212,357,384,491,376,738,488,746,1
588,572,211,358,378,494,370,739,478,742,1
581,565,218,364,382,497,370,736,475,743,1
584,571,223,366,379,498,375,739,477,739,1
586,571,225,365,379,499,376,739,475,738,1
588,574,225,364,382,501,374,741,473,740,1
584,579,227,369,383,500,377,744,484,745,1
587,584,225,374,386,506,370,743,474,747,1
583,587,227,375,389,508,370,743,472,750,1
589,588,223,378,388,510,367,745,473,751,1
594,589,216,380,386,511,365,748,474,754,1
597,586,217,379,382,509,367,749,477,752,1
597,587,217,380,385,510,366,750,477,755,1
595,586,217,378,383,507,372,751,482,753,1
598,594,213,374,379,504,377,753,487,751,1
603,598,210,375,376,508,377,754,483,749,1
606,602,214,377,378,510,379,754,481,749,1
606,609,220,380,385,513,377,754,478,751,1
600,615,217,384,386,512,374,754,479,756,1
589,609,220,385,384,511,370,755,479,757,1
580,601,225,387,381,513,374,757,478,755,1
583,610,222,385,382,516,371,758,475,758,1
574,608,234,382,383,513,382,758,480,750,1
566,611,237,385,384,514,379,758,479,753,1
585,637,240,369,378,509,384,767,475,751,1
587,659,235,362,395,508,385,765,480,757,1
574,649,246,364,395,490,374,751,486,747,1
582,667,226,348,402,496,373,748,476,750,1
221,135,411,157,337,205,298,299,352,303,0
221,143,417,159,344,210,306,305,358,310,0
236,142,420,157,354,217,323,302,357,305,0
249,145,420,163,357,219,329,300,359,303,0
260,144,424,166,362,219,335,303,364,305,0
258,142,430,164,365,220,339,302,368,304,0
268,139,435,165,368,223,345,303,367,304,0
286,135,435,162,371,221,348,297,372,301,0
